station_id,date,predicted_departures
LB001,2026-09-21,
LB001,2026-09-22,
LB001,2026-09-23,
LB001,2026-09-24,
LB001,2026-09-25,
LB001,2026-09-26,
LB001,2026-09-27,
LB002,2026-09-21,
LB002,2026-09-22,
LB002,2026-09-23,
LB002,2026-09-24,
LB002,2026-09-25,
LB002,2026-09-26,
LB002,2026-09-27,
LB003,2026-09-21,
LB003,2026-09-22,
LB003,2026-09-23,
LB003,2026-09-24,
LB003,2026-09-25,
LB003,2026-09-26,
LB003,2026-09-27,
LB004,2026-09-21,
LB004,2026-09-22,
LB004,2026-09-23,
LB004,2026-09-24,
LB004,2026-09-25,
LB004,2026-09-26,
LB004,2026-09-27,
LB005,2026-09-21,
LB005,2026-09-22,
LB005,2026-09-23,
LB005,2026-09-24,
LB005,2026-09-25,
LB005,2026-09-26,
LB005,2026-09-27,
LB006,2026-09-21,
LB006,2026-09-22,
LB006,2026-09-23,
LB006,2026-09-24,
LB006,2026-09-25,
LB006,2026-09-26,
LB006,2026-09-27,
LB007,2026-09-21,
LB007,2026-09-22,
LB007,2026-09-23,
LB007,2026-09-24,
LB007,2026-09-25,
LB007,2026-09-26,
LB007,2026-09-27,
LB008,2026-09-21,
LB008,2026-09-22,
LB008,2026-09-23,
LB008,2026-09-24,
LB008,2026-09-25,
LB008,2026-09-26,
LB008,2026-09-27,
LB009,2026-09-21,
LB009,2026-09-22,
LB009,2026-09-23,
LB009,2026-09-24,
LB009,2026-09-25,
LB009,2026-09-26,
LB009,2026-09-27,
LB010,2026-09-21,
LB010,2026-09-22,
LB010,2026-09-23,
LB010,2026-09-24,
LB010,2026-09-25,
LB010,2026-09-26,
LB010,2026-09-27,
LB011,2026-09-21,
LB011,2026-09-22,
LB011,2026-09-23,
LB011,2026-09-24,
LB011,2026-09-25,
LB011,2026-09-26,
LB011,2026-09-27,
LB012,2026-09-21,
LB012,2026-09-22,
LB012,2026-09-23,
LB012,2026-09-24,
LB012,2026-09-25,
LB012,2026-09-26,
LB012,2026-09-27,
LB013,2026-09-21,
LB013,2026-09-22,
LB013,2026-09-23,
LB013,2026-09-24,
LB013,2026-09-25,
LB013,2026-09-26,
LB013,2026-09-27,
LB014,2026-09-21,
LB014,2026-09-22,
LB014,2026-09-23,
LB014,2026-09-24,
LB014,2026-09-25,
LB014,2026-09-26,
LB014,2026-09-27,
LB015,2026-09-21,
LB015,2026-09-22,
LB015,2026-09-23,
LB015,2026-09-24,
LB015,2026-09-25,
LB015,2026-09-26,
LB015,2026-09-27,
LB016,2026-09-21,
LB016,2026-09-22,
LB016,2026-09-23,
LB016,2026-09-24,
LB016,2026-09-25,
LB016,2026-09-26,
LB016,2026-09-27,
LB017,2026-09-21,
LB017,2026-09-22,
LB017,2026-09-23,
LB017,2026-09-24,
LB017,2026-09-25,
LB017,2026-09-26,
LB017,2026-09-27,
LB018,2026-09-21,
LB018,2026-09-22,
LB018,2026-09-23,
LB018,2026-09-24,
LB018,2026-09-25,
LB018,2026-09-26,
LB018,2026-09-27,
LB019,2026-09-21,
LB019,2026-09-22,
LB019,2026-09-23,
LB019,2026-09-24,
LB019,2026-09-25,
LB019,2026-09-26,
LB019,2026-09-27,
LB020,2026-09-21,
LB020,2026-09-22,
LB020,2026-09-23,
LB020,2026-09-24,
LB020,2026-09-25,
LB020,2026-09-26,
LB020,2026-09-27,
LB021,2026-09-21,
LB021,2026-09-22,
LB021,2026-09-23,
LB021,2026-09-24,
LB021,2026-09-25,
LB021,2026-09-26,
LB021,2026-09-27,
LB022,2026-09-21,
LB022,2026-09-22,
LB022,2026-09-23,
LB022,2026-09-24,
LB022,2026-09-25,
LB022,2026-09-26,
LB022,2026-09-27,
LB023,2026-09-21,
LB023,2026-09-22,
LB023,2026-09-23,
LB023,2026-09-24,
LB023,2026-09-25,
LB023,2026-09-26,
LB023,2026-09-27,
LB024,2026-09-21,
LB024,2026-09-22,
LB024,2026-09-23,
LB024,2026-09-24,
LB024,2026-09-25,
LB024,2026-09-26,
LB024,2026-09-27,
LB025,2026-09-21,
LB025,2026-09-22,
LB025,2026-09-23,
LB025,2026-09-24,
LB025,2026-09-25,
LB025,2026-09-26,
LB025,2026-09-27,
LB026,2026-09-21,
LB026,2026-09-22,
LB026,2026-09-23,
LB026,2026-09-24,
LB026,2026-09-25,
LB026,2026-09-26,
LB026,2026-09-27,
LB027,2026-09-21,
LB027,2026-09-22,
LB027,2026-09-23,
LB027,2026-09-24,
LB027,2026-09-25,
LB027,2026-09-26,
LB027,2026-09-27,
LB028,2026-09-21,
LB028,2026-09-22,
LB028,2026-09-23,
LB028,2026-09-24,
LB028,2026-09-25,
LB028,2026-09-26,
LB028,2026-09-27,
LB029,2026-09-21,
LB029,2026-09-22,
LB029,2026-09-23,
LB029,2026-09-24,
LB029,2026-09-25,
LB029,2026-09-26,
LB029,2026-09-27,
LB030,2026-09-21,
LB030,2026-09-22,
LB030,2026-09-23,
LB030,2026-09-24,
LB030,2026-09-25,
LB030,2026-09-26,
LB030,2026-09-27,
LB031,2026-09-21,
LB031,2026-09-22,
LB031,2026-09-23,
LB031,2026-09-24,
LB031,2026-09-25,
LB031,2026-09-26,
LB031,2026-09-27,
LB032,2026-09-21,
LB032,2026-09-22,
LB032,2026-09-23,
LB032,2026-09-24,
LB032,2026-09-25,
LB032,2026-09-26,
LB032,2026-09-27,
LB033,2026-09-21,
LB033,2026-09-22,
LB033,2026-09-23,
LB033,2026-09-24,
LB033,2026-09-25,
LB033,2026-09-26,
LB033,2026-09-27,
LB034,2026-09-21,
LB034,2026-09-22,
LB034,2026-09-23,
LB034,2026-09-24,
LB034,2026-09-25,
LB034,2026-09-26,
LB034,2026-09-27,
LB035,2026-09-21,
LB035,2026-09-22,
LB035,2026-09-23,
LB035,2026-09-24,
LB035,2026-09-25,
LB035,2026-09-26,
LB035,2026-09-27,
LB036,2026-09-21,
LB036,2026-09-22,
LB036,2026-09-23,
LB036,2026-09-24,
LB036,2026-09-25,
LB036,2026-09-26,
LB036,2026-09-27,
LB037,2026-09-21,
LB037,2026-09-22,
LB037,2026-09-23,
LB037,2026-09-24,
LB037,2026-09-25,
LB037,2026-09-26,
LB037,2026-09-27,
LB038,2026-09-21,
LB038,2026-09-22,
LB038,2026-09-23,
LB038,2026-09-24,
LB038,2026-09-25,
LB038,2026-09-26,
LB038,2026-09-27,
LB039,2026-09-21,
LB039,2026-09-22,
LB039,2026-09-23,
LB039,2026-09-24,
LB039,2026-09-25,
LB039,2026-09-26,
LB039,2026-09-27,
LB040,2026-09-21,
LB040,2026-09-22,
LB040,2026-09-23,
LB040,2026-09-24,
LB040,2026-09-25,
LB040,2026-09-26,
LB040,2026-09-27,
