bike_id,model,in_service_date
B0001,Standard,2025-06-26
B0002,Standard,2024-11-03
B0003,E-bike,2025-01-24
B0004,Standard,2025-06-23
B0005,Standard,2024-11-04
B0006,E-bike,2025-04-14
B0007,Standard,2024-10-31
B0008,Standard,2025-08-09
B0009,ebike,2025-01-15
B0010,standard,2025-05-03
B0011,Standard,2024-04-12
B0012,Electric,2025-07-14
B0013,STANDARD,2024-11-11
B0014,Standard,2024-09-05
B0015,E-bike,2025-05-24
B0016,Standard,2024-09-10
B0017,Standard,2024-06-25
B0018,E-Bike,2025-07-01
B0019,Standard,2025-03-26
B0020,Standard,2025-07-08
B0021,E-bike,2025-08-25
B0022,standard,2024-03-17
B0023,Standard,2025-07-24
B0024,E-bike,2024-10-10
B0025,Standard,2025-03-29
B0026,Standard,2024-04-04
B0027,E-Bike,2025-08-25
B0028,standard,2025-06-20
B0029,Standard,2024-07-22
B0030,E-bike,2024-12-27
B0031,Standard,2024-11-02
B0032,Standard,2025-08-16
B0033,E-bike,2025-01-16
B0034,Standard,2024-11-29
B0035,Standard,2025-05-17
B0036,E-bike,2025-10-16
B0037,Standard,2024-03-27
B0038,Standard,2025-02-25
B0039,E-bike,2025-08-15
B0040,Standard,2024-08-18
B0041,Standard,2025-08-26
B0042,E-bike,2024-07-04
B0043,Standard,2025-09-28
B0044,Standard,2025-03-13
B0045,E-bike,2024-10-09
B0046,Standard,2025-10-22
B0047,standard,2024-05-17
B0048,E-Bike,2025-09-19
B0049,Standard,2024-08-22
B0050,Standard,2025-06-12
B0051,ebike,2025-04-20
B0052,Standard,2024-06-22
B0053,Standard,2024-06-17
B0054,Electric,2025-04-30
B0055,Standard,2025-04-15
B0056,Standard,2024-03-06
B0057,ebike,2024-11-06
B0058,Standard,2024-09-18
B0059,Standard,2024-04-22
B0060,E-bike,2024-11-24
B0061,Standard,2024-08-21
B0062,standard,2025-08-20
B0063,E-bike,2024-11-28
B0064,standard,2025-03-19
B0065,Standard,2024-05-26
B0066,E-bike,2024-11-17
B0067,Standard,2024-08-19
B0068,Standard,2024-04-07
B0069,E-Bike,2024-10-10
B0070,Standard,2025-09-27
B0071,Standard,2024-06-27
B0072,E-bike,2025-06-02
B0073,Standard,2025-09-14
B0074,Standard,2024-04-06
B0075,E-Bike,2025-02-28
B0076,Standard,2025-06-22
B0077,Standard,2025-08-10
B0078,E-bike,2024-04-05
B0079,Standard,2024-09-11
B0080,Standard,2025-07-07
B0081,Electric,2024-04-18
B0082,Standard,2024-12-24
B0083,standard,2024-06-02
B0084,E-Bike,2024-08-20
B0085,Standard,2024-05-07
B0086,Standard,2024-12-11
B0087,E-Bike,2024-09-26
B0088,Standard,2024-03-08
B0089,Standard,2024-12-19
B0090,E-bike,2024-04-14
B0091,Standard,2025-06-26
B0093,E-Bike,2024-05-13
B0094,Standard,2025-09-11
B0095,Standard,2024-08-19
B0096,E-bike,2025-09-12
B0097,Standard,2025-08-12
B0098,Standard,2025-10-19
B0099,E-bike,2025-09-05
B0100,Standard,2024-10-30
B0102,E-Bike,2024-04-24
B0103,Standard,2025-09-06
B0104,Standard,2025-02-24
B0105,E-bike,2024-10-20
B0106,Standard,2025-09-01
B0107,Standard,2025-04-07
B0108,E-bike,2025-06-19
B0109,Standard,2024-05-29
B0110,Standard,2024-11-04
B0111,E-Bike,2024-04-02
B0112,standard,2024-03-16
B0113,Standard,2025-04-28
B0114,E-bike,2025-03-31
B0115,Standard,2025-09-21
B0116,Standard,2024-05-31
B0117,E-Bike,2025-05-26
B0118,Standard,2024-08-30
B0119,Standard,2024-08-23
B0120,E-Bike,2024-10-29
B0121,Standard,2024-08-16
B0122,Standard,2025-09-24
B0123,E-bike,2024-09-21
B0124,Standard,2025-07-30
B0125,standard,2025-02-09
B0126,E-bike,2025-04-14
B0127,Standard,2024-12-11
B0128,Standard,2024-08-20
B0129,ebike,2025-06-23
B0130,Standard,2024-06-03
B0131,Standard,2024-03-20
B0132,ebike,2025-02-16
B0133,Standard,2024-05-16
B0134,Standard,2024-07-12
B0135,Electric,2025-10-02
B0136,Standard,2025-08-12
B0137,Standard,2024-11-05
B0138,E-bike,2025-06-29
B0139,Standard,2024-07-31
B0140,Standard,2025-01-25
B0141,Electric,2024-08-27
B0142,Standard,2025-07-20
B0143,Standard,2025-09-15
B0144,E-bike,2024-06-27
B0145,Standard,2024-07-21
B0146,Standard,2024-03-02
B0147,E-bike,2025-03-24
B0148,Standard,2024-05-31
B0149,Standard,2025-07-23
B0150,E-bike,2025-05-03
B0151,standard,2025-10-02
B0152,Standard,2025-02-10
B0153,E-bike,2025-08-07
B0154,Standard,2025-02-28
B0155,Standard,2024-05-25
B0156,E-bike,2024-03-22
B0157,Standard,2024-11-14
B0158,Standard,2024-10-30
B0159,E-Bike,2024-06-27
B0160,Standard,2025-03-22
B0161,Standard,2024-11-06
B0162,E-bike,2025-01-06
B0163,Standard,2025-10-12
B0164,standard,2025-10-02
B0165,E-bike,2024-08-31
B0166,Standard,2025-01-09
B0167,Standard,2025-08-27
B0168,E-Bike,2024-03-11
B0169,Standard,2024-03-30
B0170,Standard,2025-02-14
B0171,E-bike,2024-08-27
B0172,Standard,2025-06-13
B0173,standard,2024-06-08
B0174,E-Bike,2024-11-04
B0175,Standard,2025-06-26
B0176,Standard,2024-08-10
B0177,E-Bike,2025-07-28
B0178,Standard,2025-07-03
B0179,Standard,2024-06-24
B0180,E-bike,2024-05-09
B0181,Standard,2024-07-09
B0183,E-bike,2025-08-23
B0184,Standard,2025-01-13
B0185,Standard,2024-07-30
B0186,Electric,2025-04-22
B0187,Standard,2024-11-14
B0188,standard,2024-03-21
B0189,E-Bike,2025-05-29
B0190,Standard,2024-12-28
B0191,Standard,2024-08-02
B0192,E-bike,2025-03-26
B0193,Standard,2024-03-06
B0194,Standard,2025-05-29
B0195,ebike,2024-07-03
B0196,Standard,2024-06-07
B0197,Standard,2024-10-19
B0198,E-bike,2025-01-27
B0199,Standard,2025-05-29
B0200,standard,2024-05-09
B0201,E-bike,2025-03-30
B0202,Standard,2024-12-06
B0203,Standard,2025-05-24
B0204,E-bike,2025-05-29
B0205,Standard,2024-12-30
B0206,standard,2024-11-12
B0207,E-bike,2025-05-31
B0208,Standard,2025-04-25
B0209,Standard,2025-06-24
B0210,E-bike,2024-12-29
B0211,STANDARD,2025-01-15
B0212,STANDARD,2024-08-20
B0213,E-bike,2024-06-13
B0214,Standard,2025-09-13
B0215,Standard,2024-04-01
B0216,E-bike,2024-09-26
B0217,standard,2024-10-05
B0218,Standard,2024-12-27
B0219,E-bike,2025-04-18
B0220,Standard,2024-10-17
B0221,Standard,2025-01-28
B0222,E-bike,2024-08-17
B0223,Standard,2024-06-12
B0224,standard,2024-10-22
B0225,E-Bike,2025-03-30
B0226,Standard,2024-07-10
B0227,Standard,2025-02-07
B0228,E-Bike,2025-09-01
B0229,Standard,2025-04-09
B0230,Standard,2024-09-29
B0231,E-bike,2025-09-14
B0232,Standard,2025-01-05
B0233,Standard,2025-09-07
B0234,E-Bike,2025-09-03
B0235,Standard,2025-03-23
B0236,STANDARD,2024-11-25
B0237,ebike,2025-02-19
B0238,standard,2025-06-07
B0239,Standard,2024-11-04
B0240,E-bike,2024-08-27
B0241,Standard,2025-08-03
B0242,Standard,2025-01-04
B0243,E-Bike,2024-04-08
B0244,standard,2024-09-17
B0245,Standard,2025-01-02
B0246,E-bike,2024-08-21
B0247,Standard,2025-05-15
B0248,Standard,2025-10-16
B0249,E-Bike,2024-07-07
B0250,Standard,2025-05-30
B0251,standard,2025-03-20
B0252,E-bike,2025-07-22
B0253,Standard,2024-04-30
B0254,Standard,2025-01-09
B0255,E-bike,2024-04-07
B0256,Standard,2025-08-09
B0257,Standard,2025-02-09
B0258,ebike,2025-09-27
B0259,Standard,2024-12-31
B0260,Standard,2025-04-28
B0261,E-bike,2024-10-18
B0262,Standard,2025-08-30
B0263,Standard,2025-08-06
B0264,Electric,2024-12-18
B0265,Standard,2025-08-01
B0266,Standard,2025-02-22
B0267,E-bike,2025-02-23
B0268,Standard,2025-04-03
B0269,standard,2025-08-21
B0270,E-Bike,2024-10-12
B0271,Standard,2024-03-14
B0272,Standard,2025-05-06
B0273,E-bike,2025-08-21
B0274,Standard,2025-05-14
B0275,Standard,2025-04-01
B0276,E-bike,2025-03-08
B0277,Standard,2024-11-05
B0278,Standard,2025-09-24
B0279,E-bike,2025-10-20
B0282,E-bike,2024-03-30
B0283,Standard,2024-06-18
B0284,Standard,2024-10-28
B0285,E-bike,2024-10-07
B0286,Standard,2024-08-27
B0287,Standard,2025-07-16
B0288,E-Bike,2025-04-08
B0289,Standard,2025-06-28
B0290,Standard,2024-08-09
B0291,ebike,2025-05-20
B0292,Standard,2025-08-08
B0293,Standard,2024-09-11
B0294,E-Bike,2025-03-18
B0295,standard,2024-04-01
B0296,Standard,2025-09-10
B0297,E-bike,2024-05-26
B0298,Standard,2024-06-12
B0299,standard,2024-06-28
B0300,ebike,2024-10-09
B0301,Standard,2025-04-12
B0302,Standard,2024-07-05
B0303,E-bike,2025-06-12
B0304,Standard,2025-02-19
B0305,Standard,2025-08-11
B0306,E-bike,2024-06-09
B0307,Standard,2025-05-01
B0308,Standard,2024-10-27
B0309,E-Bike,2025-01-23
B0310,Standard,2025-01-13
B0311,Standard,2024-03-04
B0312,ebike,2024-06-08
B0313,Standard,2024-05-07
B0314,Standard,2025-02-13
B0315,E-bike,2024-08-02
B0316,Standard,2025-06-15
B0317,Standard,2025-04-28
B0318,E-bike,2024-06-10
B0319,Standard,2024-06-17
B0320,Standard,2024-09-12
B0321,Electric,2025-09-19
B0322,Standard,2025-07-11
B0323,Standard,2025-02-13
B0324,E-bike,2024-09-02
B0325,Standard,2024-07-06
B0326,Standard,2024-05-28
B0327,E-bike,2025-02-18
B0328,Standard,2024-10-29
B0329,Standard,2024-07-31
B0330,E-bike,2025-05-29
B0331,Standard,2025-06-21
B0332,Standard,2024-06-10
B0333,E-bike,2025-09-15
B0334,Standard,2025-05-08
B0335,Standard,2024-07-13
B0336,E-Bike,2024-06-02
B0337,Standard,2024-03-22
B0338,Standard,2025-06-18
B0339,E-Bike,2025-05-08
B0340,Standard,2024-05-04
B0341,Standard,2025-05-27
B0342,E-bike,2025-07-23
B0343,Standard,2024-05-02
B0344,Standard,2025-06-03
B0345,ebike,2025-06-30
B0346,Standard,2025-02-23
B0347,Standard,2024-06-09
B0348,E-bike,2024-04-18
B0349,Standard,2025-04-22
B0350,Standard,2024-09-02
B0351,E-bike,2025-05-13
B0352,Standard,2024-05-10
B0353,Standard,2024-11-17
B0354,E-bike,2025-09-10
B0355,STANDARD,2025-08-19
B0356,Standard,2024-11-10
B0357,E-bike,2025-05-09
B0358,Standard,2024-06-20
B0359,Standard,2025-02-22
B0360,E-bike,2024-08-20
B0361,Standard,2024-03-12
B0362,Standard,2024-07-24
B0363,E-bike,2025-01-09
B0364,Standard,2024-11-20
B0365,STANDARD,2025-05-20
B0366,E-bike,2024-06-13
B0367,standard,2024-10-18
B0368,standard,2025-03-09
B0369,ebike,2024-05-17
B0370,standard,2025-04-25
B0371,Standard,2024-05-24
B0372,E-bike,2025-10-13
B0373,Standard,2024-11-26
B0374,Standard,2025-01-21
B0375,E-Bike,2025-05-12
B0376,Standard,2025-10-14
B0377,Standard,2025-01-13
B0378,E-bike,2024-10-26
B0379,STANDARD,2025-08-19
B0380,Standard,2024-09-02
B0381,Electric,2025-08-23
B0382,Standard,2025-05-04
B0383,Standard,2024-11-15
B0384,Electric,2024-04-04
B0385,Standard,2025-09-20
B0386,Standard,2024-11-13
B0387,E-Bike,2025-08-22
B0388,standard,2025-06-15
B0389,standard,2024-12-23
B0390,E-bike,2025-04-28
B0391,Standard,2024-11-22
B0392,Standard,2024-09-29
B0393,E-Bike,2025-05-27
B0394,standard,2024-08-14
B0395,standard,2025-03-02
B0397,Standard,2025-01-11
B0398,STANDARD,2024-11-27
B0399,Electric,2025-01-13
B0400,Standard,2024-06-21
B0401,Standard,2024-11-08
B0402,ebike,2024-03-02
B0403,Standard,2024-09-19
B0404,Standard,2025-02-09
B0405,E-bike,2025-01-20
B0406,Standard,2024-07-04
B0407,Standard,2025-02-08
B0408,E-Bike,2025-04-20
B0409,Standard,2025-05-09
B0410,Standard,2025-06-16
B0411,E-bike,2025-03-21
B0412,Standard,2024-06-18
B0413,Standard,2025-03-17
B0414,E-bike,2025-05-15
B0415,Standard,2025-06-07
B0416,Standard,2025-10-20
B0417,E-bike,2025-01-27
B0418,Standard,2025-10-05
B0419,Standard,2025-03-22
B0420,E-bike,2025-03-02
B0421,Standard,2024-03-15
B0422,Standard,2025-02-28
B0423,E-Bike,2025-03-31
B0424,Standard,2025-02-23
B0426,E-bike,2025-07-05
B0427,Standard,2024-03-11
B0428,Standard,2025-03-04
B0429,E-bike,2025-04-28
B0430,Standard,2025-06-21
B0431,Standard,2024-04-15
B0432,ebike,2024-03-24
B0433,Standard,2024-12-27
B0434,Standard,2025-09-05
B0435,E-bike,2025-09-09
B0436,Standard,2024-04-25
B0437,Standard,2024-06-27
B0438,E-bike,2025-02-02
B0439,STANDARD,2025-05-17
B0440,standard,2024-11-23
B0441,E-Bike,2025-03-29
B0442,Standard,2025-01-02
B0443,standard,2024-11-19
B0444,E-bike,2024-03-03
B0445,Standard,2024-09-28
B0446,standard,2024-10-10
B0447,E-bike,2024-04-29
B0448,Standard,2024-05-19
B0449,Standard,2024-10-21
B0450,E-Bike,2024-08-28
B0451,Standard,2024-04-20
B0452,Standard,2025-03-11
B0453,E-bike,2025-09-04
B0454,Standard,2025-06-11
B0455,Standard,2024-06-14
B0456,E-bike,2025-09-01
B0457,Standard,2025-08-11
B0458,Standard,2024-04-25
B0459,E-Bike,2024-12-22
B0460,Standard,2024-07-08
B0461,STANDARD,2024-06-19
B0462,E-bike,2025-05-03
B0463,standard,2024-10-21
B0464,Standard,2024-06-28
B0465,E-bike,2024-05-08
B0466,Standard,2024-06-16
B0467,standard,2024-05-13
B0468,E-Bike,2025-04-02
B0469,Standard,2024-04-07
B0470,Standard,2024-07-19
B0471,E-bike,2025-05-26
B0472,Standard,2025-09-27
B0473,Standard,2024-03-25
B0474,E-bike,2024-12-19
B0475,Standard,2025-04-23
B0476,Standard,2025-03-15
B0477,E-bike,2025-09-22
B0478,Standard,2025-05-26
B0479,Standard,2024-09-11
B0480,E-bike,2024-04-22
B0481,Standard,2025-04-29
B0482,Standard,2025-01-14
B0483,E-bike,2024-08-01
B0484,Standard,2024-11-29
B0485,standard,2025-09-01
B0486,E-Bike,2024-08-16
B0487,Standard,2025-04-11
B0488,Standard,2024-04-19
B0489,E-bike,2024-05-10
B0490,Standard,2025-06-08
B0491,Standard,2025-10-09
B0492,E-bike,2025-04-27
B0493,Standard,2025-07-03
B0494,Standard,2025-05-26
B0495,E-bike,2024-07-29
B0496,Standard,2024-03-01
B0497,Standard,2024-12-20
B0498,E-Bike,2024-06-05
B0499,Standard,2024-07-10
B0500,Standard,2025-05-15
B0501,E-bike,2024-09-13
B0502,Standard,2024-12-02
B0503,Standard,2025-06-17
B0504,E-Bike,2025-08-19
B0505,Standard,2024-08-02
B0506,STANDARD,2024-09-27
B0507,E-bike,2025-01-24
B0508,Standard,2024-08-11
B0509,Standard,2024-12-28
B0510,E-bike,2024-04-01
B0511,STANDARD,2024-06-14
B0512,Standard,2024-09-14
B0513,Electric,2025-06-21
B0514,Standard,2025-03-31
B0515,Standard,2024-05-18
B0516,E-Bike,2025-03-04
B0517,standard,2025-04-05
B0518,Standard,2024-05-16
B0519,E-Bike,2024-03-11
B0520,Standard,2025-03-11
B0521,Standard,2025-10-12
B0522,E-bike,2024-06-03
B0523,Standard,2024-12-09
B0524,standard,2025-09-17
B0525,E-bike,2024-10-11
B0526,Standard,2024-09-16
B0527,Standard,2025-02-12
B0528,ebike,2024-11-18
B0529,standard,2024-06-04
B0530,Standard,2025-01-05
B0531,E-bike,2025-09-03
B0532,Standard,2025-09-27
B0533,STANDARD,2024-06-22
B0534,ebike,2025-09-08
B0535,Standard,2024-05-14
B0536,Standard,2024-10-17
B0537,E-Bike,2025-06-19
B0538,Standard,2025-09-23
B0539,Standard,2025-02-20
B0540,E-Bike,2024-07-19
B0541,Standard,2024-08-22
B0542,Standard,2024-08-01
B0543,E-bike,2024-09-15
B0544,Standard,2025-09-17
B0545,Standard,2024-11-14
B0546,E-bike,2024-07-01
B0547,Standard,2025-04-04
B0548,Standard,2024-11-13
B0549,ebike,2025-06-26
B0550,Standard,2025-03-07
B0551,Standard,2024-09-12
B0552,E-Bike,2024-09-09
B0553,Standard,2024-08-30
B0554,standard,2025-03-04
B0555,ebike,2025-06-29
B0556,Standard,2024-05-06
B0557,Standard,2024-07-17
B0558,E-bike,2024-12-19
B0559,standard,2025-08-30
B0560,standard,2024-04-20
B0561,E-bike,2025-09-20
B0562,Standard,2025-02-17
B0563,Standard,2024-10-18
B0564,E-bike,2024-12-08
B0565,STANDARD,2025-06-29
B0566,Standard,2024-04-04
B0567,E-bike,2025-01-07
B0568,Standard,2024-08-03
B0569,Standard,2024-11-30
B0570,Electric,2025-06-09
B0571,Standard,2025-04-07
B0572,Standard,2024-06-14
B0573,E-bike,2024-09-29
B0574,Standard,2025-01-09
B0575,Standard,2024-07-05
B0576,E-Bike,2024-11-20
B0577,Standard,2025-04-29
B0578,Standard,2024-05-13
B0579,E-bike,2025-07-04
B0580,Standard,2025-01-18
B0581,Standard,2024-12-16
B0583,Standard,2024-07-13
B0584,Standard,2024-04-18
B0585,E-Bike,2024-05-09
B0586,Standard,2024-12-24
B0587,Standard,2025-05-20
B0588,E-bike,2024-06-01
B0589,Standard,2024-09-23
B0590,Standard,2024-09-24
B0591,E-Bike,2025-09-05
B0592,standard,2024-03-12
B0593,Standard,2024-03-31
B0594,Electric,2025-01-17
B0595,Standard,2024-09-23
B0596,Standard,2024-03-29
B0597,E-Bike,2025-01-21
B0598,Standard,2024-06-05
B0599,Standard,2024-11-15
B0600,E-bike,2025-07-24
