repair_id,bike_id,reported_date,fault_type,resolved_date,cost_gbp
R00001,B0312,2026-03-01,Battery,2026-03-14,241.97
R00002,B0573,2026-03-01,Brakes,2026-03-06,48.97
R00003,B0440,2026-03-02,Brakes,2026-03-03,54.28
R00004,B0399,2026-03-02,Chain,2026-03-07,30.26
R00005,B0417,2026-03-02,lights,2026-03-08,14.79
R00006,B0363,2026-03-02,Battery,2026-03-15,£176.98
R00007,B0159,2026-03-03,chain,2026-03-09,31.56
R00008,B0045,2026-03-04,Lights,2026-03-05,£17.32
R00009,B0150,2026-03-04,Lights,2026-03-06,£15.90
R00010,B0410,2026-03-04,Lights,2026-03-10,23.51
R00011,B0261,2026-03-05,Battery,2026-03-10,204.18
R00012,B0372,2026-03-05,Battery,2026-03-15,245.34
R00013,B0555,2026-03-05,BRAKES,2026-03-08,£25.76
R00014,B0591,2026-03-06,Battery,2026-03-14,199.40
R00015,B0036,2026-03-07,Battery,2026-03-16,274.04
R00016,B0600,2026-03-07,Battery,2026-03-14,204.03
R00017,B0546,2026-03-07,Brakes,2026-03-09,£56.18
R00018,B0504,2026-03-07,battery,2026-03-15,£150.43
R00019,B0412,2026-03-07,Brakes,2026-03-09,59.38
R00020,B0285,2026-03-08,Battery,2026-03-14,194.68
R00021,B0348,2026-03-08,Battery,2026-03-18,181.63
R00022,B0315,2026-03-08,Lights,2026-03-11,21.59
R00023,B0023,2026-03-09,Brakes,2026-03-13,£39.01
R00024,B0570,2026-03-09,Battery,2026-03-13,£158.25
R00025,B0183,2026-03-10,TYRE,2026-03-16,33.33
R00026,B0393,2026-03-10,Tyre,2026-03-17,23.09
R00027,B0178,2026-03-11,Brakes,2026-03-12,40.76
R00028,B0010,2026-03-11,Lights,2026-03-17,15.05
R00029,B0198,2026-03-12,Brakes,2026-03-14,32.96
R00030,B0459,2026-03-12,Other,2026-03-13,£19.33
R00031,B0321,2026-03-13,Tyre,2026-03-20,£18.64
R00032,B0543,2026-03-13,Chain,2026-03-15,22.04
R00033,B0351,2026-03-13,tyre,2026-03-18,£19.45
R00034,B0300,2026-03-13,Battery,2026-03-23,225.49
R00035,B0394,2026-03-15,Chain,2026-03-17,£26.48
R00036,B0426,2026-03-15,Lights,2026-03-16,28.81
R00037,B0015,2026-03-15,Battery,2026-03-25,259.67
R00038,B0414,2026-03-16,Chain,2026-03-18,34.96
R00039,B0579,2026-03-16,Battery,2026-03-23,£163.57
R00040,B0489,2026-03-16,Brakes,2026-03-23,37.16
R00041,B0387,2026-03-17,Battery,2026-03-21,162.72
R00042,B0153,2026-03-17,Battery,2026-03-22,£215.41
R00043,B0006,2026-03-17,Brakes,2026-03-22,27.10
R00044,B0225,2026-03-17,Battery,2026-03-29,160.31
R00045,B0168,2026-03-17,chain,2026-03-23,39.26
R00046,B0331,2026-03-18,tyre,2026-03-24,38.15
R00047,B0504,2026-03-18,Tyre,2026-03-25,£35.01
R00048,B0279,2026-03-18,Chain,2026-03-23,33.01
R00049,B0396,2026-03-18,tyre,2026-03-24,29.59
R00050,B0495,2026-03-19,BRAKES,2026-03-22,56.19
R00051,B0492,2026-03-20,Battery,2026-03-28,166.20
R00052,B0282,2026-03-20,Battery,2026-04-02,248.40
R00053,B0021,2026-03-20,Battery,2026-03-25,180.92
R00054,B0375,2026-03-21,chain,2026-03-23,23.83
R00055,B0092,2026-03-21,Tyre,2026-03-27,26.04
R00056,B0516,2026-03-21,battery,2026-03-27,275.75
R00057,B0060,2026-03-21,Lights,2026-03-27,24.49
R00058,B0582,2026-03-22,other,2026-03-23,28.03
R00059,B0083,2026-03-22,Brakes,2026-03-29,38.47
R00060,B0513,2026-03-22,Brakes,2026-03-27,27.38
R00061,B0522,2026-03-23,Other,2026-03-30,17.69
R00062,B0336,2026-03-23,Tyre,2026-03-24,19.95
R00063,B0486,2026-03-24,Other,2026-03-27,31.89
R00064,B0413,2026-03-24,Tyre,2026-03-28,37.93
R00065,B0507,2026-03-24,Battery,2026-04-05,276.15
R00066,B0120,2026-03-24,Lights,2026-03-25,11.35
R00067,B0348,2026-03-24,Battery,2026-04-02,268.39
R00068,B0384,2026-03-25,Brakes,2026-03-30,58.49
R00069,B0181,2026-03-25,BRAKES,2026-04-01,26.29
R00070,B0198,2026-03-25,Tyre,2026-03-27,£35.94
R00071,B0306,2026-03-25,brakes,2026-03-31,52.55
R00072,B0597,2026-03-25,Lights,2026-03-28,18.35
R00073,B0414,2026-03-26,Other,2026-04-02,£59.43
R00074,B0417,2026-03-27,Lights,2026-03-28,28.57
R00075,B0207,2026-03-27,Battery,2026-04-09,184.02
R00076,B0372,2026-03-27,BRAKES,2026-03-28,27.65
R00077,B0309,2026-03-28,Battery,2026-04-08,178.74
R00078,B0489,2026-03-28,Tyre,2026-04-01,£18.12
R00079,B0351,2026-03-29,Battery,2026-04-10,£167.30
R00080,B0330,2026-03-29,Chain,2026-03-31,24.99
R00081,B0561,2026-03-30,Battery,2026-04-04,£238.24
R00082,B0360,2026-03-30,Lights,2026-04-02,23.55
R00083,B0428,2026-03-30,Tyre,2026-04-01,27.44
R00084,B0291,2026-03-31,Battery,2026-04-11,£261.68
R00085,B0152,2026-03-31,Tyre,2026-04-02,17.46
R00086,B0114,2026-03-31,Brakes,2026-04-04,28.57
R00087,B0045,2026-03-31,Brakes,2026-04-01,28.62
R00088,B0342,2026-04-01,Chain,2026-04-02,29.35
R00089,B0424,2026-04-01,Tyre,2026-04-06,22.50
R00090,B0315,2026-04-01,Other,2026-04-07,£49.39
R00091,B0372,2026-04-01,Battery,2026-04-05,175.70
R00092,B0375,2026-04-01,Tyre,2026-04-05,36.20
R00093,B0198,2026-04-02,Battery,2026-04-09,£159.71
R00094,B0365,2026-04-02,Tyre,2026-04-03,£38.22
R00095,B0177,2026-04-02,Chain,2026-04-04,£38.01
R00096,B0582,2026-04-02,Battery,2026-04-13,£267.91
R00097,B0480,2026-04-03,Lights,2026-04-07,£10.71
R00098,B0150,2026-04-03,Battery,2026-04-15,276.38
R00099,B0267,2026-04-03,Chain,2026-04-05,31.93
R00100,B0411,2026-04-03,CHAIN,2026-04-06,26.30
R00101,B0423,2026-04-04,Tyre,2026-04-11,34.34
R00102,B0474,2026-04-04,Other,2026-04-05,32.91
R00103,B0138,2026-04-04,Battery,2026-04-14,£162.86
R00104,B0192,2026-04-04,Brakes,2026-04-05,29.80
R00105,B0129,2026-04-05,Battery,2026-04-16,169.37
R00106,B0153,2026-04-05,Chain,2026-04-12,£44.37
R00107,B0510,2026-04-05,Other,2026-04-11,£25.31
R00108,B0075,2026-04-05,Tyre,2026-04-07,23.25
R00109,B0226,2026-04-05,Brakes,2026-04-10,53.05
R00110,B0364,2026-04-05,Chain,2026-04-07,38.55
R00111,B0171,2026-04-06,other,2026-04-11,63.65
R00112,B0504,2026-04-06,Battery,2026-04-16,£159.78
R00113,B0110,2026-04-06,Tyre,2026-04-13,20.89
R00114,B0124,2026-04-06,Brakes,2026-04-09,46.67
R00115,B0439,2026-04-06,Tyre,2026-04-09,18.46
R00116,B0390,2026-04-06,TYRE,2026-04-12,24.12
R00117,B0180,2026-04-06,Battery,2026-04-13,169.80
R00118,B0307,2026-04-07,brakes,2026-04-11,28.07
R00119,B0428,2026-04-07,Brakes,2026-04-10,£40.15
R00120,B0549,2026-04-07,BATTERY,2026-04-12,168.26
R00121,B0093,2026-04-07,Other,2026-04-10,71.05
R00122,B0132,2026-04-07,Tyre,2026-04-10,16.60
R00123,B0141,2026-04-07,Battery,2026-04-19,184.36
R00124,B0492,2026-04-07,Tyre,2026-04-11,15.71
R00125,B0016,2026-04-08,Tyre,2026-04-11,£36.50
R00126,B0333,2026-04-09,Chain,2026-04-16,33.69
R00127,B0246,2026-04-09,tyre,2026-04-11,£27.05
R00128,B0174,2026-04-10,Lights,2026-04-13,15.80
R00129,B0231,2026-04-10,Other,2026-04-14,84.45
R00130,B0525,2026-04-10,Battery,2026-04-24,232.14
R00131,B0219,2026-04-10,Brakes,2026-04-13,48.02
R00132,B0318,2026-04-10,Lights,2026-04-17,22.49
R00133,B0201,2026-04-12,Brakes,2026-04-16,£29.44
R00134,B0195,2026-04-12,Other,2026-04-14,£79.29
R00135,B0228,2026-04-12,Battery,2026-04-18,248.85
R00136,B0369,2026-04-12,Chain,2026-04-18,40.16
R00137,B0591,2026-04-12,Battery,2026-04-23,£192.14
R00138,B0435,2026-04-12,Tyre,2026-04-19,21.25
R00139,B0442,2026-04-12,brakes,2026-04-13,£51.34
R00140,B0084,2026-04-13,Battery,2026-04-22,244.70
R00141,B0036,2026-04-13,Battery,2026-04-25,£251.63
R00142,B0277,2026-04-13,Other,2026-04-16,35.27
R00143,B0156,2026-04-14,LIGHTS,2026-04-17,18.39
R00144,B0588,2026-04-14,Battery,2026-04-26,£207.33
R00145,B0195,2026-04-16,Brakes,2026-04-15,43.61
R00146,B0234,2026-04-15,Battery,2026-04-23,159.45
R00147,B0069,2026-04-15,Other,2026-04-20,42.52
R00148,B0507,2026-04-15,Battery,2026-04-29,193.53
R00149,B0003,2026-04-16,Tyre,2026-04-18,26.75
R00150,B0114,2026-04-16,Battery,2026-04-28,236.46
R00151,B0456,2026-04-16,Battery,2026-04-27,157.64
R00152,B0385,2026-04-17,Lights,2026-04-19,14.75
R00153,B0486,2026-04-17,Tyre,2026-04-19,20.55
R00154,B0075,2026-04-17,Brakes,2026-04-21,55.52
R00155,B0363,2026-04-17,Tyre,2026-04-22,21.40
R00156,B0210,2026-04-18,Battery,2026-04-26,264.72
R00157,B0351,2026-04-19,Battery,2026-04-25,232.77
R00158,B0546,2026-04-19,Battery,2026-04-25,261.79
R00159,B0480,2026-04-20,Other,2026-04-25,29.24
R00160,B0099,2026-04-20,Battery,2026-04-28,237.23
R00161,B0357,2026-04-20,Battery,2026-04-27,142.11
R00162,B0185,2026-04-20,Other,2026-04-24,£70.84
R00163,B0192,2026-04-21,Other,2026-04-22,£57.04
R00164,B0429,2026-04-21,battery,2026-05-01,246.97
R00165,B0445,2026-04-21,tyre,2026-04-22,£38.12
R00166,B0483,2026-04-21,chain,2026-04-27,£31.69
R00167,B0072,2026-04-21,Tyre,2026-04-26,17.83
R00168,B0384,2026-04-21,Tyre,2026-04-27,17.35
R00169,B0291,2026-04-21,Tyre,2026-04-27,£19.99
R00170,B0531,2026-04-21,Other,2026-04-28,40.59
R00171,B0123,2026-04-21,Battery,2026-04-28,147.31
R00172,B0306,2026-04-21,Other,2026-04-26,24.40
R00173,B0111,2026-04-28,Tyre,2026-04-22,£37.83
R00174,B0122,2026-04-22,Brakes,2026-04-27,50.49
R00175,B0270,2026-04-22,Lights,2026-04-29,£28.16
R00176,B0339,2026-04-22,Battery,2026-05-01,145.31
R00177,B0501,2026-04-22,Other,2026-04-27,31.63
R00178,B0221,2026-04-22,Lights,2026-04-25,15.73
R00179,B0003,2026-04-29,Brakes,2026-04-24,£51.80
R00180,B0261,2026-04-24,Brakes,2026-04-29,£54.02
R00181,B0151,2026-04-25,Brakes,2026-04-30,38.72
R00182,B0591,2026-04-25,Battery,2026-04-30,£264.98
R00183,B0368,2026-04-25,Other,2026-05-01,82.51
R00184,B0318,2026-04-26,Brakes,2026-05-01,52.30
R00185,B0600,2026-04-26,Battery,2026-05-07,£142.13
R00186,B0345,2026-04-26,Lights,2026-05-02,10.61
R00187,B0423,2026-04-27,Chain,2026-04-28,£25.05
R00188,B0249,2026-04-27,Other,2026-04-29,£50.89
R00189,B0540,2026-04-27,Tyre,2026-04-29,£23.16
R00190,B0522,2026-04-27,Battery,2026-05-07,224.89
R00191,B0054,2026-04-28,Battery,2026-05-04,£274.08
R00192,B0330,2026-04-28,Brakes,2026-05-03,35.21
R00193,B0340,2026-04-28,Other,2026-05-05,38.05
R00194,B0072,2026-04-28,Battery,2026-05-07,254.10
R00195,B0442,2026-04-28,Other,2026-04-30,51.61
R00196,B0204,2026-04-28,Brakes,2026-04-30,40.23
R00197,B0465,2026-04-29,battery,2026-05-13,141.62
R00198,B0227,2026-04-29,Other,2026-05-04,89.09
R00199,B0380,2026-04-29,Lights,2026-05-04,£26.42
R00200,B0279,2026-04-29,Tyre,2026-05-06,£20.21
R00201,B0138,2026-04-29,Battery,2026-05-06,£245.98
R00202,B0336,2026-04-29,Battery,2026-05-10,184.39
R00203,B0207,2026-04-30,Brakes,2026-05-05,39.14
R00204,B0246,2026-04-30,Battery,2026-05-06,£267.75
R00205,B0539,2026-04-30,Other,2026-05-07,89.91
R00206,B0008,2026-04-30,Tyre,2026-05-02,£28.65
R00207,B0525,2026-04-30,Chain,2026-05-06,£39.82
R00208,B0405,2026-05-09,Battery,2026-04-30,£247.40
R00209,B0048,2026-04-30,Battery,2026-05-10,£147.64
R00210,B0270,2026-05-01,Battery,2026-05-05,£148.48
R00211,B0570,2026-05-01,Tyre,2026-05-03,£29.36
R00212,B0146,2026-05-01,Lights,2026-05-03,£23.21
R00213,B0057,2026-05-01,Lights,2026-05-04,28.63
R00214,B0171,2026-05-01,Lights,2026-05-08,£19.61
R00215,B0134,2026-05-01,Brakes,2026-05-02,59.20
R00216,B0107,2026-05-02,Other,2026-05-07,62.68
R00217,B0094,2026-05-02,Other,2026-05-09,£72.68
R00218,B0537,2026-05-02,Battery,2026-05-08,157.81
R00219,B0090,2026-05-02,Battery,2026-05-07,£223.77
R00220,B0471,2026-05-02,Tyre,2026-05-03,17.51
R00221,B0543,2026-05-03,Other,2026-05-05,£71.97
R00222,B0409,2026-05-03,Chain,2026-05-08,£40.29
R00223,B0006,2026-05-03,OTHER,2026-05-09,42.40
R00224,B0297,2026-05-04,Battery,2026-05-12,153.77
R00225,B0278,2026-05-04,Lights,2026-05-07,£18.45
R00226,B0129,2026-05-04,Tyre,2026-05-07,31.02
R00227,B0060,2026-05-04,Brakes,2026-05-07,£42.29
R00228,B0510,2026-05-04,Lights,2026-05-06,10.31
R00229,B0312,2026-05-04,Battery,2026-05-08,£192.70
R00230,B0291,2026-05-05,Tyre,2026-05-06,37.74
R00231,B0435,2026-05-05,Lights,2026-05-06,£26.16
R00232,B0585,2026-05-05,Brakes,2026-05-11,34.43
R00233,B0228,2026-05-05,Chain,2026-05-06,36.08
R00234,B0357,2026-05-05,Battery,2026-05-17,241.85
R00235,B0274,2026-05-05,Chain,2026-05-10,£37.38
R00236,B0363,2026-05-06,Battery,2026-05-12,279.60
R00237,B0201,2026-05-06,Chain,2026-05-07,28.36
R00238,B0420,2026-05-06,Tyre,2026-05-10,36.16
R00239,B0252,2026-05-06,Brakes,2026-05-09,£37.48
R00240,B0288,2026-05-06,Other,2026-05-10,80.41
R00241,B0391,2026-05-06,Brakes,2026-05-12,48.09
R00242,B0399,2026-05-06,Lights,2026-05-08,22.97
R00243,B0081,2026-05-06,Brakes,2026-05-07,31.12
R00244,B0179,2026-05-06,Brakes,2026-05-12,£59.59
R00245,B0382,2026-05-07,Brakes,2026-05-12,£36.41
R00246,B0033,2026-05-07,Chain,2026-05-13,£23.00
R00247,B0303,2026-05-07,Battery,2026-05-12,£210.94
R00248,B0108,2026-05-07,Brakes,2026-05-09,£57.35
R00249,B0144,2026-05-07,battery,2026-05-13,£147.59
R00250,B0416,2026-05-07,Lights,2026-05-12,£20.95
R00251,B0477,2026-05-07,Battery,2026-05-11,£271.68
R00252,B0042,2026-05-08,Battery,2026-05-19,273.71
R00253,B0439,2026-05-08,Chain,2026-05-15,24.92
R00254,B0121,2026-05-08,Lights,2026-05-15,17.89
R00255,B0426,2026-05-08,Battery,2026-05-13,£240.08
R00256,B0039,2026-05-08,Brakes,2026-05-15,44.17
R00257,B0213,2026-05-08,Battery,2026-05-19,180.55
R00258,B0552,2026-05-08,Battery,2026-05-21,263.69
R00259,B0447,2026-05-09,Battery,2026-05-14,253.18
R00260,B0462,2026-05-09,Battery,2026-05-16,273.97
R00261,B0216,2026-05-09,Tyre,2026-05-13,29.68
R00262,B0321,2026-05-10,Tyre,2026-05-13,20.48
R00263,B0044,2026-05-10,Chain,2026-05-17,40.93
R00264,B0192,2026-05-10,Brakes,2026-05-17,51.32
R00265,B0222,2026-05-11,Other,2026-05-13,61.62
R00266,B0205,2026-05-11,Tyre,2026-05-18,£22.13
R00267,B0480,2026-05-11,Brakes,2026-05-18,£27.86
R00268,B0345,2026-05-11,Battery,2026-05-17,£236.29
R00269,B0366,2026-05-11,Tyre,2026-05-15,16.40
R00270,B0123,2026-05-11,Tyre,2026-05-17,18.47
R00271,B0159,2026-05-11,Chain,2026-05-13,38.68
R00272,B0102,2026-05-11,Battery,2026-05-25,153.26
R00273,B0129,2026-05-12,Brakes,2026-05-18,30.86
R00274,B0547,2026-05-12,Tyre,2026-05-15,19.34
R00275,B0060,2026-05-12,Tyre,2026-05-13,£28.55
R00276,B0219,2026-05-12,battery,2026-05-16,£250.87
R00277,B0198,2026-05-12,Other,2026-05-18,74.93
R00278,B0108,2026-05-12,Brakes,2026-05-16,51.35
R00279,B0495,2026-05-12,Battery,2026-05-23,151.72
R00280,B0006,2026-05-13,Tyre,2026-05-19,£26.51
R00281,B0318,2026-05-13,Brakes,2026-05-15,£50.19
R00282,B0267,2026-05-13,Tyre,2026-05-14,28.68
R00283,B0324,2026-05-13,Battery,2026-05-24,£157.47
R00284,B0411,2026-05-13,tyre,2026-05-16,36.58
R00285,B0399,2026-05-14,Brakes,2026-05-21,51.10
R00286,B0567,2026-05-14,Lights,2026-05-19,£27.80
R00287,B0564,2026-05-14,Battery,2026-05-23,£178.27
R00288,B0216,2026-05-14,Brakes,2026-05-19,26.34
R00289,B0159,2026-05-14,Battery,2026-05-20,£162.31
R00290,B0408,2026-05-14,Brakes,2026-05-16,£52.97
R00291,B0278,2026-05-14,BRAKES,2026-05-21,54.69
R00292,B0343,2026-05-14,Tyre,2026-05-18,24.00
R00293,B0156,2026-05-14,other,2026-05-20,55.54
R00294,B0201,2026-05-15,Other,2026-05-17,£56.47
R00295,B0306,2026-05-15,Brakes,2026-05-17,47.34
R00296,B0029,2026-05-15,Brakes,2026-05-18,57.89
R00297,B0444,2026-05-15,Other,2026-05-20,86.05
R00298,B0405,2026-05-15,Brakes,2026-05-18,28.80
R00299,B0330,2026-05-16,Lights,2026-05-17,26.45
R00300,B0418,2026-05-16,Brakes,2026-05-22,34.05
R00301,B0297,2026-05-16,Tyre,2026-05-23,18.55
R00302,B0126,2026-05-16,Battery,2026-05-29,£275.42
R00303,B0570,2026-05-16,Other,2026-05-21,£69.12
R00304,B0534,2026-05-16,Battery,2026-05-24,£202.24
R00305,B0099,2026-05-17,brakes,2026-05-24,£33.38
R00306,B0051,2026-05-17,Battery,2026-05-24,266.41
R00307,B0513,2026-05-17,Battery,2026-05-30,242.01
R00308,B0438,2026-05-18,Tyre,2026-05-24,31.98
R00309,B0379,2026-05-18,Chain,2026-05-24,20.74
R00310,B0516,2026-05-18,chain,2026-05-21,£44.13
R00311,B0267,2026-05-18,Chain,2026-05-23,42.16
R00312,B0150,2026-05-19,Brakes,2026-05-25,43.74
R00313,B0089,2026-05-19,Brakes,2026-05-24,59.94
R00314,B0222,2026-05-19,Brakes,2026-05-24,£48.55
R00315,B0357,2026-05-19,Brakes,2026-05-22,53.15
R00316,B0219,2026-05-19,Other,2026-05-26,£26.13
R00317,B0087,2026-05-19,Chain,2026-05-22,£20.09
R00318,B0387,2026-05-19,Chain,2026-05-24,£38.82
R00319,B0388,2026-05-19,Chain,2026-05-20,£29.58
R00320,B0045,2026-05-19,Other,2026-05-21,32.68
R00321,B0579,2026-05-19,Battery,2026-05-30,£188.94
R00322,B0015,2026-05-20,Brakes,2026-05-23,55.63
R00323,B0281,2026-05-20,Brakes,2026-05-22,29.71
R00324,B0198,2026-05-20,Battery,2026-05-25,261.47
R00325,B0453,2026-05-20,Brakes,2026-05-26,44.04
R00326,B0501,2026-05-20,Tyre,2026-05-24,22.41
R00327,B0567,2026-05-20,Tyre,2026-05-27,39.92
R00328,B0423,2026-05-21,Brakes,2026-05-26,33.63
R00329,B0123,2026-05-21,Brakes,2026-05-24,55.58
R00330,B0306,2026-05-21,Brakes,2026-05-26,28.03
R00331,B0246,2026-05-21,Battery,2026-05-29,167.94
R00332,B0405,2026-05-22,Tyre,2026-05-28,£15.37
R00333,B0451,2026-05-22,Tyre,2026-05-23,£30.24
R00334,B0180,2026-05-22,Tyre,2026-05-24,17.58
R00335,B0441,2026-05-22,Brakes,2026-05-26,34.40
R00336,B0600,2026-05-22,Tyre,2026-05-23,£25.81
R00337,B0392,2026-05-22,Brakes,2026-05-24,35.53
R00338,B0576,2026-05-22,Tyre,2026-05-23,£36.88
R00339,B0012,2026-05-23,Other,2026-05-25,28.80
R00340,B0132,2026-05-23,Battery,2026-06-03,255.97
R00341,B0439,2026-05-23,Brakes,2026-05-29,35.75
R00342,B0591,2026-05-25,Chain,2026-05-26,41.09
R00343,B0111,2026-05-25,Tyre,2026-05-26,£33.96
R00344,B0015,2026-05-25,Battery,2026-06-07,196.55
R00345,B0483,2026-05-25,Other,2026-05-31,£38.00
R00346,B0327,2026-05-25,Chain,2026-05-31,40.50
R00347,B0021,2026-05-25,Brakes,2026-05-26,58.17
R00348,B0190,2026-05-26,Brakes,2026-05-29,57.90
R00349,B0258,2026-05-26,Other,2026-05-29,51.64
R00350,B0234,2026-05-26,Tyre,2026-05-30,16.52
R00351,B0375,2026-05-26,Other,2026-05-29,32.84
R00352,B0045,2026-05-27,Tyre,2026-06-03,24.58
R00353,B0087,2026-05-27,Other,2026-06-01,£59.12
R00354,B0438,2026-05-27,Lights,2026-05-31,20.75
R00355,B0057,2026-05-27,Battery,2026-06-05,235.54
R00356,B0165,2026-05-27,Battery,2026-06-03,201.32
R00357,B0204,2026-05-28,Brakes,2026-05-31,39.53
R00358,B0273,2026-05-28,Chain,2026-06-04,21.41
R00359,B0363,2026-05-28,Brakes,2026-06-02,40.73
R00360,B0303,2026-05-29,Battery,2026-06-09,262.54
R00361,B0546,2026-05-29,Battery,2026-06-11,£140.18
R00362,B0135,2026-05-29,Lights,2026-06-05,21.59
R00363,B0196,2026-05-29,Brakes,2026-06-01,33.10
R00364,B0375,2026-05-29,Other,2026-06-02,81.50
R00365,B0006,2026-05-29,Battery,2026-06-03,176.71
R00366,B0118,2026-05-31,Lights,2026-06-02,14.18
R00367,B0492,2026-05-31,Brakes,2026-06-03,39.24
R00368,B0483,2026-06-01,Battery,2026-06-14,269.05
R00369,B0213,2026-06-01,Battery,2026-06-15,£145.33
R00370,B0176,2026-06-01,Lights,2026-06-07,£19.51
R00371,B0126,2026-06-01,Lights,2026-06-07,10.16
R00372,B0291,2026-06-01,Tyre,2026-06-06,37.80
R00373,B0051,2026-06-01,Battery,2026-06-07,208.16
R00374,B0509,2026-06-01,Brakes,2026-06-04,40.85
R00375,B0423,2026-06-01,Brakes,2026-06-08,41.16
R00376,B0090,2026-06-02,Lights,2026-06-06,26.46
R00377,B0406,2026-06-02,Tyre,2026-06-05,£37.64
R00378,B0558,2026-06-02,Battery,2026-06-11,196.90
R00379,B0060,2026-06-02,Lights,2026-06-04,24.59
R00380,B0069,2026-06-02,Lights,2026-06-09,14.28
R00381,B0027,2026-06-02,Battery,2026-06-12,£201.81
R00382,B0285,2026-06-02,Battery,2026-06-12,208.93
R00383,B0066,2026-06-02,Battery,2026-06-10,154.55
R00384,B0243,2026-06-03,Chain,2026-06-09,36.92
R00385,B0580,2026-06-03,TYRE,2026-06-10,16.78
R00386,B0258,2026-06-03,Lights,2026-06-07,17.56
R00387,B0534,2026-06-03,Other,2026-06-07,42.36
R00388,B0597,2026-06-03,Brakes,2026-06-09,41.63
R00389,B0084,2026-06-03,TYRE,2026-06-08,£35.15
R00390,B0219,2026-06-03,Lights,2026-06-08,12.97
R00391,B0396,2026-06-03,Battery,2026-06-08,£235.43
R00392,B0171,2026-06-04,Chain,2026-06-07,29.58
R00393,B0436,2026-06-04,Other,2026-06-11,46.24
R00394,B0300,2026-06-04,brakes,2026-06-06,49.47
R00395,B0189,2026-06-04,Brakes,2026-06-08,32.29
R00396,B0276,2026-06-04,Battery,2026-06-17,192.92
R00397,B0564,2026-06-04,Other,2026-06-05,69.38
R00398,B0429,2026-06-04,Lights,2026-06-06,£29.09
R00399,B0447,2026-06-05,Battery,2026-06-14,217.16
R00400,B0375,2026-06-05,Battery,2026-06-19,204.40
R00401,B0342,2026-06-05,Brakes,2026-06-07,40.99
R00402,B0465,2026-06-05,Lights,2026-06-10,20.28
R00403,B0117,2026-06-05,Other,2026-06-09,29.16
R00404,B0072,2026-06-05,Battery,2026-06-18,279.85
R00405,B0585,2026-06-05,Brakes,2026-06-12,34.36
R00406,B0479,2026-06-05,Tyre,2026-06-09,22.71
R00407,B0183,2026-06-05,Battery,2026-06-11,£244.30
R00408,B0054,2026-06-06,Battery,2026-06-16,156.62
R00409,B0018,2026-06-06,Battery,2026-06-19,£167.16
R00410,B0210,2026-06-06,Brakes,2026-06-11,53.67
R00411,B0501,2026-06-06,Battery,2026-06-17,£177.02
R00412,B0504,2026-06-06,LIGHTS,2026-06-10,29.61
R00413,B0060,2026-06-06,Battery,2026-06-18,155.00
R00414,B0255,2026-06-07,Battery,2026-06-12,275.74
R00415,B0141,2026-06-08,Tyre,2026-06-13,26.95
R00416,B0354,2026-06-08,tyre,2026-06-12,35.82
R00417,B0572,2026-06-08,Lights,2026-06-11,£18.55
R00418,B0423,2026-06-08,Lights,2026-06-10,27.37
R00419,B0192,2026-06-08,OTHER,2026-06-09,67.37
R00420,B0459,2026-06-08,Brakes,2026-06-11,32.94
R00421,B0203,2026-06-09,Brakes,2026-06-10,31.38
R00422,B0393,2026-06-09,Battery,2026-06-19,199.51
R00423,B0186,2026-06-09,Battery,2026-06-17,206.58
R00424,B0282,2026-06-09,Battery,2026-06-23,179.94
R00425,B0012,2026-06-09,Other,2026-06-15,£71.06
R00426,B0373,2026-06-09,Other,2026-06-13,73.52
R00427,B0075,2026-06-09,Brakes,2026-06-12,56.93
R00428,B0124,2026-06-10,Brakes,2026-06-13,33.63
R00429,B0036,2026-06-10,Lights,2026-06-16,15.58
R00430,B0525,2026-06-10,Battery,2026-06-21,242.52
R00431,B0582,2026-06-10,Chain,2026-06-12,£28.42
R00432,B0009,2026-06-10,Battery,2026-06-20,191.53
R00433,B0480,2026-06-10,Battery,2026-06-18,£231.71
R00434,B0522,2026-06-10,lights,2026-06-14,16.80
R00435,B0357,2026-06-11,Battery,2026-06-21,256.57
R00436,B0015,2026-06-11,Battery,2026-06-19,214.42
R00437,B0204,2026-06-11,Chain,2026-06-18,37.70
R00438,B0491,2026-06-11,Lights,2026-06-15,20.24
R00439,B0008,2026-06-11,Chain,2026-06-17,35.73
R00440,B0564,2026-06-16,Battery,2026-06-11,£147.70
R00441,B0513,2026-06-11,Lights,2026-06-17,£19.74
R00442,B0498,2026-06-11,Battery,2026-06-24,160.64
R00443,B0597,2026-06-11,Battery,2026-06-18,166.07
R00444,B0273,2026-06-11,Brakes,2026-06-12,£37.15
R00445,B0535,2026-06-11,Brakes,2026-06-16,£58.88
R00446,B0420,2026-06-11,Brakes,2026-06-13,46.82
R00447,B0042,2026-06-11,Lights,2026-06-14,13.88
R00448,B0504,2026-06-12,Tyre,2026-06-16,£18.22
R00449,B0462,2026-06-12,Brakes,2026-06-19,£41.96
R00450,B0209,2026-06-12,brakes,2026-06-15,36.69
R00451,B0435,2026-06-12,Battery,2026-06-21,271.83
R00452,B0511,2026-06-12,Lights,2026-06-13,£22.86
R00453,B0061,2026-06-12,Brakes,2026-06-16,£52.66
R00454,B0207,2026-06-12,Brakes,2026-06-13,£55.70
R00455,B0573,2026-06-12,Battery,2026-06-22,140.10
R00456,B0021,2026-06-12,Tyre,2026-06-16,18.97
R00457,B0174,2026-06-12,Tyre,2026-06-18,30.73
R00458,B0339,2026-06-13,Battery,2026-06-17,148.34
R00459,B0327,2026-06-13,Brakes,2026-06-17,£32.25
R00460,B0048,2026-06-13,Battery,2026-06-20,153.04
R00461,B0394,2026-06-14,Brakes,2026-06-16,£47.68
R00462,B0033,2026-06-14,Chain,2026-06-20,20.57
R00463,B0440,2026-06-14,TYRE,2026-06-17,£27.08
R00464,B0145,2026-06-14,Brakes,2026-06-20,47.96
R00465,B0510,2026-06-14,Brakes,2026-06-16,£50.31
R00466,B0264,2026-06-15,Tyre,2026-06-19,35.65
R00467,B0294,2026-06-16,Chain,2026-06-20,23.77
R00468,B0132,2026-06-16,Battery,2026-06-22,179.74
R00469,B0423,2026-06-16,Battery,2026-06-26,£167.81
R00470,B0177,2026-06-16,Battery,2026-06-20,£277.28
R00471,B0087,2026-06-16,Chain,2026-06-22,29.75
R00472,B0564,2026-06-16,Brakes,2026-06-19,29.35
R00473,B0378,2026-06-16,Battery,2026-06-21,215.58
R00474,B0492,2026-06-17,Brakes,2026-06-19,47.01
R00475,B0006,2026-06-17,Lights,2026-06-20,15.66
R00476,B0339,2026-06-17,Tyre,2026-06-21,38.08
R00477,B0180,2026-06-17,Brakes,2026-06-18,56.30
R00478,B0534,2026-06-17,Battery,2026-06-30,£189.30
R00479,B0154,2026-06-17,Lights,2026-06-19,16.16
R00480,B0519,2026-06-18,TYRE,2026-06-24,£36.20
R00481,B0572,2026-06-18,Tyre,2026-06-24,36.51
R00482,B0459,2026-06-18,Other,2026-06-22,76.51
R00483,B0234,2026-06-18,Brakes,2026-06-20,54.51
R00484,B0090,2026-06-18,Other,2026-06-24,£23.65
R00485,B0402,2026-06-18,Battery,2026-06-24,218.53
R00486,B0372,2026-06-19,Battery,2026-06-25,277.92
R00487,B0504,2026-06-19,Other,2026-06-26,60.41
R00488,B0540,2026-06-19,Brakes,2026-06-20,32.29
R00489,B0306,2026-06-19,Battery,2026-07-01,170.80
R00490,B0158,2026-06-19,Tyre,2026-06-24,39.08
R00491,B0255,2026-06-19,Tyre,2026-06-26,17.10
R00492,B0399,2026-06-19,Battery,2026-06-25,£279.98
R00493,B0093,2026-06-20,Brakes,2026-06-24,46.89
R00494,B0051,2026-06-20,Other,2026-06-26,51.77
R00495,B0096,2026-06-20,Brakes,2026-06-22,55.40
R00496,B0198,2026-06-20,Brakes,2026-06-26,£59.36
R00497,B0060,2026-06-20,Tyre,2026-06-25,18.43
R00498,B0366,2026-06-20,Lights,2026-06-22,£28.98
R00499,B0109,2026-06-20,Tyre,2026-06-21,17.14
R00500,B0390,2026-06-20,Brakes,2026-06-26,32.62
R00501,B0561,2026-06-20,Chain,2026-06-25,24.77
R00502,B0315,2026-06-21,Other,2026-06-28,£27.96
R00503,B0541,2026-06-21,BRAKES,2026-06-28,33.02
R00504,B0352,2026-06-21,Tyre,2026-06-23,27.06
R00505,B0279,2026-06-21,Battery,2026-06-29,£171.59
R00506,B0432,2026-06-21,Other,2026-06-26,35.75
R00507,B0471,2026-06-21,Battery,2026-07-01,171.33
R00508,B0303,2026-06-22,Tyre,2026-06-28,38.09
R00509,B0363,2026-06-22,Battery,2026-07-02,144.31
R00510,B0192,2026-06-23,Brakes,2026-06-28,42.78
R00511,B0120,2026-06-23,battery,2026-06-27,176.81
R00512,B0047,2026-06-23,Other,2026-06-30,£82.42
R00513,B0525,2026-06-23,Brakes,2026-06-26,£44.37
R00514,B0594,2026-06-23,Battery,2026-07-02,276.70
R00515,B0276,2026-06-23,Tyre,2026-06-27,£32.16
R00516,B0099,2026-06-23,Other,2026-06-26,42.60
R00517,B0591,2026-06-24,Battery,2026-07-04,199.34
R00518,B0087,2026-06-24,BATTERY,2026-07-04,266.85
R00519,B0231,2026-06-24,Battery,2026-07-05,222.78
R00520,B0366,2026-06-24,Other,2026-06-25,82.36
R00521,B0211,2026-06-24,Chain,2026-06-29,£33.84
R00522,B0102,2026-06-24,Battery,2026-07-07,212.40
R00523,B0430,2026-06-24,Tyre,2026-06-30,£27.17
R00524,B0090,2026-06-24,Lights,2026-06-25,£25.13
R00525,B0093,2026-06-24,Tyre,2026-06-25,£36.80
R00526,B0596,2026-06-25,BRAKES,2026-06-28,32.63
R00527,B0117,2026-06-25,Lights,2026-07-01,27.25
R00528,B0600,2026-06-25,BATTERY,2026-07-02,184.19
R00529,B0531,2026-06-26,Brakes,2026-06-27,37.86
R00530,B0300,2026-06-26,Battery,2026-07-07,207.33
R00531,B0366,2026-06-26,Battery,2026-07-08,170.94
R00532,B0173,2026-06-26,Chain,2026-06-30,£24.39
R00533,B0282,2026-06-27,Battery,2026-07-07,£154.63
R00534,B0195,2026-06-27,Battery,2026-07-03,182.06
R00535,B0240,2026-06-27,Battery,2026-07-01,228.44
R00536,B0170,2026-06-28,Brakes,2026-06-29,30.05
R00537,B0327,2026-06-28,Battery,2026-07-03,£142.12
R00538,B0081,2026-06-30,Battery,2026-07-09,£271.58
R00539,B0464,2026-06-30,Brakes,2026-07-03,31.47
R00540,B0390,2026-06-30,Other,2026-07-01,50.25
R00541,B0291,2026-06-30,Tyre,2026-07-03,37.05
R00542,B0483,2026-06-30,Brakes,2026-07-07,49.92
R00543,B0360,2026-06-30,Lights,2026-07-01,28.97
R00544,B0411,2026-06-30,Brakes,2026-07-04,39.31
R00545,B0243,2026-06-30,Other,2026-07-04,13.29
R00546,B0228,2026-06-30,Battery,2026-07-09,161.63
R00547,B0570,2026-07-01,Lights,2026-07-03,25.77
R00548,B0140,2026-07-01,Brakes,2026-07-02,41.08
R00549,B0114,2026-07-01,Brakes,2026-07-04,29.87
R00550,B0595,2026-07-01,Brakes,2026-07-03,£30.95
R00551,B0006,2026-07-01,Battery,2026-07-08,155.33
R00552,B0016,2026-07-02,Chain,2026-07-07,27.48
R00553,B0416,2026-07-02,Chain,2026-07-09,24.13
R00554,B0588,2026-07-02,Lights,2026-07-04,£20.79
R00555,B0258,2026-07-02,Battery,2026-07-14,224.57
R00556,B0432,2026-07-03,Other,2026-07-06,78.20
R00557,B0222,2026-07-03,battery,2026-07-14,£181.47
R00558,B0084,2026-07-03,Brakes,2026-07-09,55.41
R00559,B0442,2026-07-03,Brakes,2026-07-09,26.97
R00560,B0256,2026-07-03,Lights,2026-07-05,16.15
R00561,B0310,2026-07-03,Brakes,2026-07-06,£41.52
R00562,B0285,2026-07-03,Tyre,2026-07-04,33.31
R00563,B0198,2026-07-04,Other,2026-07-06,88.64
R00564,B0438,2026-07-04,Other,2026-07-10,21.16
R00565,B0012,2026-07-04,Brakes,2026-07-06,£29.12
R00566,B0519,2026-07-04,Battery,2026-07-17,241.43
R00567,B0447,2026-07-04,Battery,2026-07-15,206.14
R00568,B0021,2026-07-04,Battery,2026-07-13,£159.17
R00569,B0552,2026-07-05,Lights,2026-07-09,21.63
R00570,B0201,2026-07-05,Other,2026-07-11,£17.71
R00571,B0528,2026-07-06,Chain,2026-07-13,37.79
R00572,B0567,2026-07-06,Battery,2026-07-15,£246.10
R00573,B0117,2026-07-06,Tyre,2026-07-07,33.41
R00574,B0144,2026-07-06,Battery,2026-07-18,£201.91
R00575,B0072,2026-07-06,Chain,2026-07-08,£39.67
R00576,B0513,2026-07-06,Battery,2026-07-13,167.08
R00577,B0478,2026-07-06,Tyre,2026-07-10,33.19
R00578,B0384,2026-07-06,Battery,2026-07-11,169.09
R00579,B0411,2026-07-07,Battery,2026-07-14,261.92
R00580,B0078,2026-07-07,Battery,2026-07-16,276.46
R00581,B0300,2026-07-07,Brakes,2026-07-12,38.31
R00582,B0417,2026-07-07,Lights,2026-07-12,28.25
R00583,B0456,2026-07-07,Battery,2026-07-15,184.16
R00584,B0188,2026-07-08,Tyre,2026-07-07,27.85
R00585,B0282,2026-07-08,Battery,2026-07-18,240.36
R00586,B0180,2026-07-08,Chain,2026-07-09,21.80
R00587,B0522,2026-07-08,Battery,2026-07-21,177.98
R00588,B0480,2026-07-08,Battery,2026-07-14,153.96
R00589,B0582,2026-07-09,TYRE,2026-07-11,26.51
R00590,B0039,2026-07-10,Chain,2026-07-14,£44.34
R00591,B0127,2026-07-10,Brakes,2026-07-15,£53.34
R00592,B0462,2026-07-10,Tyre,2026-07-11,24.71
R00593,B0048,2026-07-10,Brakes,2026-07-13,25.70
R00594,B0576,2026-07-10,Brakes,2026-07-16,38.70
R00595,B0060,2026-07-10,Battery,2026-07-18,233.01
R00596,B0159,2026-07-10,Other,2026-07-14,12.49
R00597,B0072,2026-07-10,Other,2026-07-16,£53.62
R00598,B0093,2026-07-11,Battery,2026-07-17,£178.94
R00599,B0168,2026-07-11,Other,2026-07-15,£32.76
R00600,B0200,2026-07-11,Brakes,2026-07-16,46.42
R00601,B0089,2026-07-11,Chain,2026-07-12,29.19
R00602,B0204,2026-07-11,Brakes,2026-07-13,37.39
R00603,B0003,2026-07-11,Other,2026-07-13,25.39
R00604,B0105,2026-07-12,Chain,2026-07-15,£43.43
R00605,B0336,2026-07-12,Battery,2026-07-24,169.82
R00606,B0009,2026-07-12,Tyre,2026-07-13,16.38
R00607,B0527,2026-07-12,Tyre,2026-07-18,38.36
R00608,B0219,2026-07-12,Tyre,2026-07-15,£33.67
R00609,B0515,2026-07-12,Brakes,2026-07-15,36.20
R00610,B0505,2026-07-12,Chain,2026-07-15,34.62
R00611,B0402,2026-07-12,Chain,2026-07-13,37.94
R00612,B0207,2026-07-12,Other,2026-07-14,82.83
R00613,B0150,2026-07-12,Tyre,2026-07-13,37.06
R00614,B0366,2026-07-12,brakes,2026-07-17,£35.52
R00615,B0489,2026-07-13,Chain,2026-07-17,28.37
R00616,B0264,2026-07-13,Brakes,2026-07-14,£31.20
R00617,B0334,2026-07-13,tyre,2026-07-16,22.95
R00618,B0501,2026-07-13,Brakes,2026-07-15,26.97
R00619,B0129,2026-07-13,Battery,2026-07-24,168.13
R00620,B0218,2026-07-14,brakes,2026-07-16,£56.23
R00621,B0408,2026-07-14,Battery,2026-07-28,£185.25
R00622,B0151,2026-07-15,Tyre,2026-07-18,35.06
R00623,B0276,2026-07-15,Brakes,2026-07-19,£45.46
R00624,B0022,2026-07-15,Chain,2026-07-17,£36.15
R00625,B0381,2026-07-15,Brakes,2026-07-19,£26.38
R00626,B0153,2026-07-16,Other,2026-07-20,18.46
R00627,B0219,2026-07-16,battery,2026-07-25,251.17
R00628,B0465,2026-07-16,Chain,2026-07-17,31.50
R00629,B0072,2026-07-16,Battery,2026-07-27,253.67
R00630,B0450,2026-07-16,Chain,2026-07-21,33.54
R00631,B0474,2026-07-16,Other,2026-07-20,£28.74
R00632,B0520,2026-07-16,Tyre,2026-07-22,19.80
R00633,B0102,2026-07-16,Battery,2026-07-26,£244.32
R00634,B0272,2026-07-17,Lights,2026-07-19,26.35
R00635,B0178,2026-07-17,Brakes,2026-07-24,40.02
R00636,B0147,2026-07-17,Battery,2026-07-26,225.21
R00637,B0396,2026-07-17,Brakes,2026-07-24,£53.93
R00638,B0216,2026-07-17,Tyre,2026-07-24,22.57
R00639,B0540,2026-07-17,Brakes,2026-07-21,51.32
R00640,B0162,2026-07-17,battery,2026-07-27,£155.18
R00641,B0093,2026-07-18,Lights,2026-07-25,15.78
R00642,B0117,2026-07-18,Battery,2026-07-30,£256.29
R00643,B0097,2026-07-18,Other,2026-07-19,33.80
R00644,B0024,2026-07-18,Tyre,2026-07-25,32.94
R00645,B0183,2026-07-19,Chain,2026-07-24,33.70
R00646,B0369,2026-07-19,Battery,2026-07-23,£237.10
R00647,B0123,2026-07-19,Lights,2026-07-26,£12.06
R00648,B0282,2026-07-19,Tyre,2026-07-25,£29.86
R00649,B0174,2026-07-20,battery,2026-07-31,£239.50
R00650,B0456,2026-07-20,Tyre,2026-07-21,28.66
R00651,B0011,2026-07-20,Brakes,2026-07-26,£42.77
R00652,B0309,2026-07-21,Battery,2026-07-25,182.80
R00653,B0462,2026-07-21,Other,2026-07-26,80.75
R00654,B0087,2026-07-21,Battery,2026-08-01,217.78
R00655,B0537,2026-07-21,Chain,2026-07-25,£25.08
R00656,B0598,2026-07-21,Lights,2026-07-27,14.90
R00657,B0465,2026-07-21,Brakes,2026-07-26,£33.43
R00658,B0546,2026-07-21,Brakes,2026-07-27,£45.20
R00659,B0348,2026-07-21,Other,2026-07-26,£71.27
R00660,B0297,2026-07-22,Battery,2026-08-03,171.14
R00661,B0120,2026-07-22,Lights,2026-07-23,£21.47
R00662,B0222,2026-07-22,Tyre,2026-07-23,£39.60
R00663,B0006,2026-07-22,Battery,2026-07-31,£165.81
R00664,B0528,2026-07-22,Lights,2026-07-29,18.52
R00665,B0354,2026-07-22,Battery,2026-08-04,£230.25
R00666,B0135,2026-07-22,Battery,2026-07-26,254.92
R00667,B0148,2026-07-23,Tyre,2026-07-25,30.42
R00668,B0450,2026-07-23,Battery,2026-07-30,£181.55
R00669,B0294,2026-07-23,Tyre,2026-07-24,£34.57
R00670,B0474,2026-07-23,Battery,2026-07-28,223.76
R00671,B0231,2026-07-23,Brakes,2026-07-26,£49.63
R00672,B0488,2026-07-24,Other,2026-07-26,88.29
R00673,B0357,2026-07-24,Brakes,2026-07-30,37.75
R00674,B0534,2026-07-24,Brakes,2026-07-28,£53.91
R00675,B0483,2026-07-24,Lights,2026-07-28,26.57
R00676,B0153,2026-07-24,OTHER,2026-07-25,£11.06
R00677,B0510,2026-07-24,Battery,2026-08-03,238.20
R00678,B0222,2026-07-25,Tyre,2026-07-29,35.32
R00679,B0171,2026-07-25,Brakes,2026-07-30,32.54
R00680,B0477,2026-07-25,Battery,2026-07-29,193.00
R00681,B0090,2026-07-25,Battery,2026-08-04,171.59
R00682,B0063,2026-07-25,Tyre,2026-07-30,28.98
R00683,B0003,2026-07-25,Battery,2026-08-01,£205.85
R00684,B0498,2026-07-26,Battery,2026-07-30,203.28
R00685,B0264,2026-07-26,Lights,2026-07-27,24.02
R00686,B0208,2026-07-27,Chain,2026-08-01,£40.68
R00687,B0111,2026-07-27,Battery,2026-08-07,£148.24
R00688,B0525,2026-07-27,Brakes,2026-08-01,55.52
R00689,B0042,2026-07-27,Battery,2026-08-05,£261.67
R00690,B0336,2026-07-27,Brakes,2026-07-28,33.28
R00691,B0036,2026-07-27,Lights,2026-07-30,13.05
R00692,B0564,2026-07-28,Lights,2026-08-03,20.22
R00693,B0363,2026-07-28,Tyre,2026-08-04,26.06
R00694,B0285,2026-07-28,Brakes,2026-07-30,40.33
R00695,B0199,2026-07-28,Other,2026-08-04,82.59
R00696,B0264,2026-07-28,Lights,2026-07-30,25.30
R00697,B0081,2026-07-29,TYRE,2026-08-04,28.56
R00698,B0441,2026-07-29,Tyre,2026-07-30,28.07
R00699,B0451,2026-07-29,Lights,2026-08-05,13.02
R00700,B0346,2026-07-29,Tyre,2026-07-30,27.50
R00701,B0102,2026-07-29,Brakes,2026-08-03,49.84
R00702,B0294,2026-07-29,Other,2026-08-01,33.87
R00703,B0328,2026-07-29,Chain,2026-08-03,33.11
R00704,B0052,2026-07-29,Brakes,2026-08-04,50.91
R00705,B0573,2026-07-30,TYRE,2026-08-01,21.59
R00706,B0134,2026-07-30,Tyre,2026-08-01,£34.21
R00707,B0453,2026-07-30,Other,2026-08-06,55.87
R00708,B0492,2026-07-30,Battery,2026-08-07,207.61
R00709,B0417,2026-07-30,Lights,2026-08-01,13.61
R00710,B0163,2026-07-30,Brakes,2026-08-03,55.24
R00711,B0489,2026-07-30,Brakes,2026-08-04,35.40
R00712,B0537,2026-07-30,Brakes,2026-07-31,£59.70
R00713,B0414,2026-07-30,Brakes,2026-08-03,£40.34
R00714,B0324,2026-07-31,Other,2026-08-07,20.88
R00715,B0018,2026-07-31,Battery,2026-08-08,147.46
R00716,B0411,2026-07-31,Tyre,2026-08-02,31.78
R00717,B0405,2026-07-31,battery,2026-08-05,181.54
R00718,B0144,2026-07-31,Brakes,2026-08-01,34.46
R00719,B0132,2026-07-31,Battery,2026-08-12,254.14
R00720,B0567,2026-07-31,Brakes,2026-08-01,50.47
R00721,B0408,2026-07-31,Other,2026-08-06,54.52
R00722,B0285,2026-08-01,Battery,2026-08-09,141.06
R00723,B0142,2026-08-01,Lights,2026-08-04,10.61
R00724,B0216,2026-08-01,Tyre,2026-08-03,22.99
R00725,B0267,2026-08-01,Tyre,2026-08-03,38.14
R00726,B0114,2026-08-01,Brakes,2026-08-05,52.03
R00727,B0447,2026-08-01,Battery,2026-08-10,237.14
R00728,B0087,2026-08-01,Battery,2026-08-11,227.40
R00729,B0545,2026-08-01,Chain,2026-08-08,42.01
R00730,B0360,2026-08-02,Chain,2026-08-04,£43.19
R00731,B0407,2026-08-02,Lights,2026-08-08,18.89
R00732,B0265,2026-08-02,Lights,2026-08-07,18.66
R00733,B0387,2026-08-02,Brakes,2026-08-04,40.11
R00734,B0026,2026-08-02,Brakes,2026-08-06,29.57
R00735,B0222,2026-08-03,Chain,2026-08-10,24.55
R00736,B0039,2026-08-03,Brakes,2026-08-04,36.80
R00737,B0429,2026-08-03,Tyre,2026-08-06,32.25
R00738,B0501,2026-08-03,Tyre,2026-08-10,21.10
R00739,B0270,2026-08-03,Battery,2026-08-11,188.37
R00740,B0070,2026-08-04,Chain,2026-08-10,£38.81
R00741,B0039,2026-08-04,Chain,2026-08-09,35.21
R00742,B0304,2026-08-04,Brakes,2026-08-07,35.14
R00743,B0507,2026-08-04,Brakes,2026-08-08,£37.04
R00744,B0594,2026-08-04,TYRE,2026-08-05,£39.55
R00745,B0126,2026-08-04,Battery,2026-08-10,183.03
R00746,B0555,2026-08-04,Brakes,2026-08-06,51.18
R00747,B0237,2026-08-12,Brakes,2026-08-05,£51.54
R00748,B0072,2026-08-06,Battery,2026-08-13,£227.47
R00749,B0536,2026-08-06,Brakes,2026-08-12,£59.61
R00750,B0540,2026-08-06,Battery,2026-08-13,148.60
R00751,B0261,2026-08-06,Battery,2026-08-18,279.86
R00752,B0036,2026-08-06,Battery,2026-08-12,149.38
R00753,B0385,2026-08-06,Lights,2026-08-10,£12.49
R00754,B0019,2026-08-06,Tyre,2026-08-07,38.30
R00755,B0547,2026-08-06,Other,2026-08-07,£64.13
R00756,B0486,2026-08-06,Battery,2026-08-13,166.63
R00757,B0588,2026-08-07,Lights,2026-08-14,29.48
R00758,B0584,2026-08-07,Other,2026-08-13,18.65
R00759,B0388,2026-08-07,Lights,2026-08-10,£13.00
R00760,B0189,2026-08-07,Battery,2026-08-17,206.62
R00761,B0165,2026-08-08,Battery,2026-08-21,£260.42
R00762,B0531,2026-08-08,Battery,2026-08-22,269.70
R00763,B0288,2026-08-08,Lights,2026-08-15,27.49
R00764,B0366,2026-08-08,Battery,2026-08-14,£141.73
R00765,B0371,2026-08-08,Other,2026-08-12,£51.13
R00766,B0264,2026-08-08,Tyre,2026-08-10,20.32
R00767,B0495,2026-08-08,Brakes,2026-08-12,£52.49
R00768,B0030,2026-08-09,Tyre,2026-08-13,25.46
R00769,B0150,2026-08-09,BRAKES,2026-08-13,25.82
R00770,B0390,2026-08-09,Tyre,2026-08-10,29.57
R00771,B0576,2026-08-09,Brakes,2026-08-14,47.98
R00772,B0012,2026-08-09,Other,2026-08-10,45.14
R00773,B0497,2026-08-10,Chain,2026-08-15,28.58
R00774,B0330,2026-08-10,Chain,2026-08-17,27.91
R00775,B0252,2026-08-18,Lights,2026-08-11,20.58
R00776,B0389,2026-08-11,Brakes,2026-08-17,£52.40
R00777,B0471,2026-08-11,Battery,2026-08-20,205.17
R00778,B0480,2026-08-11,BATTERY,2026-08-23,147.07
R00779,B0201,2026-08-11,Other,2026-08-13,£52.18
R00780,B0429,2026-08-11,Other,2026-08-13,50.82
R00781,B0582,2026-08-12,Battery,2026-08-17,252.51
R00782,B0273,2026-08-12,Battery,2026-08-20,199.62
R00783,B0123,2026-08-12,lights,2026-08-19,22.30
R00784,B0276,2026-08-12,Other,2026-08-14,60.53
R00785,B0012,2026-08-12,Other,2026-08-17,£61.52
R00786,B0225,2026-08-12,Battery,2026-08-26,£216.47
R00787,B0141,2026-08-12,Battery,2026-08-22,177.77
R00788,B0207,2026-08-12,tyre,2026-08-19,31.45
R00789,B0177,2026-08-13,Battery,2026-08-20,240.79
R00790,B0492,2026-08-13,Lights,2026-08-20,£13.85
R00791,B0423,2026-08-13,Battery,2026-08-20,235.85
R00792,B0126,2026-08-13,Other,2026-08-18,10.44
R00793,B0104,2026-08-13,chain,2026-08-14,24.84
R00794,B0579,2026-08-13,Tyre,2026-08-20,£27.25
R00795,B0555,2026-08-13,Other,2026-08-17,21.81
R00796,B0564,2026-08-14,Battery,2026-08-22,145.17
R00797,B0084,2026-08-14,Brakes,2026-08-17,50.52
R00798,B0399,2026-08-14,Lights,2026-08-21,23.29
R00799,B0495,2026-08-14,Brakes,2026-08-19,£46.98
R00800,B0549,2026-08-15,Chain,2026-08-21,£37.09
R00801,B0256,2026-08-15,Tyre,2026-08-22,38.13
R00802,B0066,2026-08-15,Chain,2026-08-22,21.80
R00803,B0594,2026-08-15,Tyre,2026-08-19,£17.58
R00804,B0183,2026-08-15,Battery,2026-08-23,£205.92
R00805,B0438,2026-08-15,Brakes,2026-08-20,£52.62
R00806,B0420,2026-08-15,Brakes,2026-08-19,£54.00
R00807,B0576,2026-08-15,Battery,2026-08-24,211.64
R00808,B0528,2026-08-15,Brakes,2026-08-20,£35.89
R00809,B0519,2026-08-15,Other,2026-08-16,50.98
R00810,B0258,2026-08-16,Lights,2026-08-17,£16.16
R00811,B0206,2026-08-16,Brakes,2026-08-20,£45.00
R00812,B0394,2026-08-16,Brakes,2026-08-17,43.16
R00813,B0015,2026-08-16,other,2026-08-17,51.81
R00814,B0342,2026-08-16,Other,2026-08-18,67.83
R00815,B0591,2026-08-16,Battery,2026-08-25,172.92
R00816,B0198,2026-08-16,Battery,2026-08-25,216.73
R00817,B0405,2026-08-17,Battery,2026-08-27,229.80
R00818,B0078,2026-08-17,Battery,2026-08-26,269.02
R00819,B0372,2026-08-17,Other,2026-08-23,54.06
R00820,B0384,2026-08-17,lights,2026-08-19,18.48
R00821,B0336,2026-08-17,Other,2026-08-19,29.75
R00822,B0075,2026-08-18,Brakes,2026-08-19,37.66
R00823,B0135,2026-08-18,Tyre,2026-08-22,21.99
R00824,B0354,2026-08-18,Brakes,2026-08-19,£52.44
R00825,B0363,2026-08-18,Brakes,2026-08-20,38.11
R00826,B0144,2026-08-18,BATTERY,2026-08-24,184.06
R00827,B0138,2026-08-18,Brakes,2026-08-23,£33.96
R00828,B0039,2026-08-18,Brakes,2026-08-25,52.35
R00829,B0152,2026-08-18,lights,2026-08-25,10.66
R00830,B0129,2026-08-18,Battery,2026-08-27,271.38
R00831,B0132,2026-08-19,Brakes,2026-08-26,£28.61
R00832,B0560,2026-08-19,Tyre,2026-08-20,31.62
R00833,B0335,2026-08-19,Tyre,2026-08-23,19.92
R00834,B0253,2026-08-20,Brakes,2026-08-21,35.53
R00835,B0033,2026-08-20,Lights,2026-08-27,21.58
R00836,B0210,2026-08-20,Other,2026-08-23,88.50
R00837,B0274,2026-08-20,Chain,2026-08-23,33.85
R00838,B0166,2026-08-21,Brakes,2026-08-24,£25.83
R00839,B0507,2026-08-21,CHAIN,2026-08-25,21.26
R00840,B0465,2026-08-21,Tyre,2026-08-25,£37.61
R00841,B0333,2026-08-21,Brakes,2026-08-22,45.21
R00842,B0006,2026-08-21,Battery,,
R00843,B0009,2026-08-21,Brakes,2026-08-25,37.14
R00844,B0045,2026-08-22,Battery,,
R00845,B0444,2026-08-22,Battery,,
R00846,B0587,2026-08-22,Chain,2026-08-25,£44.95
R00847,B0492,2026-08-22,battery,2026-08-26,250.11
R00848,B0378,2026-08-22,Chain,2026-08-25,37.15
R00849,B0312,2026-08-22,Battery,,
R00850,B0249,2026-08-22,Battery,,
R00851,B0131,2026-08-22,Brakes,2026-08-27,45.06
R00852,B0306,2026-08-22,OTHER,2026-08-29,81.36
R00853,B0501,2026-08-22,Battery,,
R00854,B0071,2026-08-22,Chain,2026-08-27,20.98
R00855,B0243,2026-08-23,Battery,,
R00856,B0150,2026-08-23,Battery,2026-08-31,159.48
R00857,B0093,2026-08-23,Chain,2026-08-28,39.56
R00858,B0114,2026-08-23,lights,2026-08-24,11.26
R00859,B0002,2026-08-23,OTHER,2026-08-29,84.29
R00860,B0003,2026-08-23,Other,2026-08-24,23.05
R00861,B0513,2026-08-23,Lights,2026-08-27,19.50
R00862,B0177,2026-08-23,brakes,2026-08-29,30.13
R00863,B0030,2026-08-24,Brakes,2026-08-31,58.81
R00864,B0345,2026-08-24,Brakes,2026-08-31,28.06
R00865,B0531,2026-08-24,Lights,2026-08-25,20.60
R00866,B0512,2026-08-24,Brakes,2026-08-27,48.63
R00867,B0219,2026-08-25,Battery,,
R00868,B0327,2026-08-25,Tyre,2026-08-29,23.58
R00869,B0520,2026-08-25,Tyre,2026-08-26,37.75
R00870,B0222,2026-08-25,Other,2026-08-31,64.10
R00871,B0426,2026-08-25,Battery,,
R00872,B0108,2026-08-26,Tyre,2026-08-31,£37.41
R00873,B0225,2026-08-26,Tyre,,
R00874,B0438,2026-08-26,Battery,,
R00875,B0468,2026-08-26,BRAKES,2026-08-29,58.75
R00876,B0099,2026-08-26,Battery,,
R00877,B0161,2026-08-26,tyre,2026-08-28,32.80
R00878,B0237,2026-08-26,Brakes,2026-08-30,55.73
R00879,B0363,2026-08-27,Battery,,
R00880,B0240,2026-08-27,Chain,2026-08-30,24.58
R00881,B0202,2026-08-27,Tyre,2026-08-28,30.23
R00882,B0450,2026-08-27,Battery,,
R00883,B0324,2026-08-27,Battery,,
R00884,B0414,2026-08-27,Tyre,,
R00885,B0143,2026-08-28,brakes,,
R00886,B0369,2026-08-28,Tyre,,
R00887,B0456,2026-08-28,Battery,,
R00888,B0342,2026-08-28,Tyre,,
R00889,B0213,2026-08-28,Battery,,
R00890,B0513,2026-08-28,Battery,,
R00891,B0534,2026-08-29,Lights,2026-08-30,£20.06
R00892,B0275,2026-08-29,Tyre,2026-08-30,29.43
R00893,B0057,2026-08-30,Battery,,
R00894,B0381,2026-08-31,Battery,,
R00895,B0353,2026-08-31,Lights,,
R00896,B0354,2026-08-31,Battery,,
