date,rain_mm,temp_max_c,wind_mph,type
2026-03-01,2.8,2.2,10,observed
2026-03-02,1.0,6.4,7,observed
2026-03-03,0.0,5.1,9,observed
2026-03-04,0.0,9.5,4,observed
2026-03-05,3.8,12.1,17,observed
2026-03-07,1.2,16.2,10,observed
2026-03-08,trace,13.2,11,observed
2026-03-09,1.7,7.8,10,observed
2026-03-10,8.4,7.5,5,observed
2026-03-11,5.0,6.8,15,observed
2026-03-12,3.5,7.4,11,observed
2026-03-13,trace,10.4,4,observed
2026-03-14,9.9,8.8,16,observed
2026-03-15,0.0,7.3,12,observed
2026-03-16,1.0,11.3,12,observed
2026-03-17,0.0,11.8,9,observed
2026-03-18,0.0,7.8,12,observed
2026-03-19,8.7,7.4,7,observed
2026-03-20,10.6,13.2,10,observed
2026-03-21,0.0,10.1,7,observed
2026-03-22,0.0,8.2,11,observed
2026-03-23,0.0,9.4,13,observed
2026-03-24,0.1,9.5,5,observed
2026-03-25,3.0,4.0,12,observed
2026-03-26,2.7,5.2,10,observed
2026-03-27,0.0,6.3,7,observed
2026-03-28,0.0,9.6,21,observed
2026-03-29,4.7,11.5,5,observed
2026-03-30,13.4,16.2,9,observed
2026-03-31,0.3,12.2,17,observed
2026-04-01,5.5,8.5,14,observed
2026-04-02,0.0,7.1,5,observed
2026-04-03,6.3,11.5,18,observed
2026-04-04,0.0,17.0,9,observed
2026-04-05,0.0,14.5,15,observed
2026-04-06,0.0,14.1,2,observed
2026-04-07,0.0,13.1,8,observed
2026-04-08,3.5,17.6,8,observed
2026-04-09,0.0,17.3,15,observed
2026-04-10,0.0,15.1,2,observed
2026-04-11,2.1,13.7,5,observed
2026-04-12,0.1,18.7,17,observed
2026-04-13,1.7,11.3,18,observed
2026-04-14,2.9,11.7,15,observed
2026-04-15,0.5,18.0,9,observed
2026-04-16,0.0,16.6,16,observed
2026-04-17,1.6,11.3,7,observed
2026-04-18,2.0,17.0,22,observed
2026-04-19,3.1,15.2,6,observed
2026-04-20,0.0,16.9,18,observed
2026-04-21,0.0,17.7,15,observed
2026-04-22,0.0,8.5,10,observed
2026-04-23,7.4,11.8,14,observed
2026-04-24,0.3,14.9,15,observed
2026-04-25,2.8,14.9,6,observed
2026-04-26,0.0,14.5,16,observed
2026-04-27,6.4,16.1,2,observed
2026-04-28,0.0,17.1,23,observed
2026-04-29,0.0,14.7,7,observed
2026-04-30,0.0,19.0,5,observed
2026-05-01,trace,15.7,13,observed
2026-05-02,0.0,13.7,8,observed
2026-05-03,5.0,12.1,9,observed
2026-05-04,1.4,16.7,17,observed
2026-05-05,1.2,18.9,10,observed
2026-05-06,0.0,17.6,3,observed
2026-05-07,4.0,13.8,11,observed
2026-05-08,0.0,17.0,15,observed
2026-05-09,0.3,12.7,17,observed
2026-05-10,0.0,17.5,11,observed
2026-05-11,0.1,21.1,16,observed
2026-05-12,0.0,20.6,9,observed
2026-05-13,0.0,15.1,6,observed
2026-05-14,0.0,20.6,9,observed
2026-05-15,2.5,22.8,10,observed
2026-05-16,0.0,21.4,5,observed
2026-05-17,0.0,13.6,19,observed
2026-05-18,5.3,16.9,11,observed
2026-05-19,0.0,17.3,23,observed
2026-05-20,0.0,22.6,17,observed
2026-05-21,9.3,15.3,10,observed
2026-05-22,0.0,19.2,9,observed
2026-05-23,0.0,20.6,13,observed
2026-05-24,4.2,17.8,10,observed
2026-05-25,0.0,18.1,15,observed
2026-05-26,2.2,18.7,14,observed
2026-05-27,0.0,16.6,2,observed
2026-05-28,0.0,18.4,13,observed
2026-05-29,0.1,19.7,17,observed
2026-05-30,1.5,23.9,9,observed
2026-05-31,0.0,16.6,9,observed
2026-06-01,0.0,18.4,11,observed
2026-06-02,0.0,20.7,7,observed
2026-06-03,0.0,28.5,12,observed
2026-06-04,0.0,25.0,10,observed
2026-06-05,0.0,26.4,6,observed
2026-06-06,0.0,27.9,9,observed
2026-06-07,7.1,18.6,14,observed
2026-06-08,4.1,16.7,9,observed
2026-06-09,0.0,19.8,9,observed
2026-06-10,0.0,24.8,20,observed
2026-06-11,0.0,23.6,2,observed
2026-06-12,0.0,22.8,4,observed
2026-06-13,1.9,21.5,8,observed
2026-06-14,0.0,22.3,11,observed
2026-06-15,7.6,17.2,8,observed
2026-06-16,0.0,16.7,20,observed
2026-06-17,0.0,21.0,9,observed
2026-06-18,0.0,26.0,15,observed
2026-06-19,1.2,25.8,13,observed
2026-06-20,0.0,23.5,15,observed
2026-06-21,0.0,17.7,21,observed
2026-06-22,5.5,24.7,11,observed
2026-06-23,0.0,18.0,15,observed
2026-06-24,0.0,32.0,9,observed
2026-06-25,2.9,22.6,17,observed
2026-06-26,8.7,15.4,10,observed
2026-06-27,0.0,25.5,11,observed
2026-06-28,1.0,25.0,17,observed
2026-06-29,16.8,15.7,12,observed
2026-06-30,0.0,20.1,16,observed
2026-07-01,0.0,19.4,20,observed
2026-07-02,2.9,23.5,4,observed
2026-07-03,0.0,22.1,10,observed
2026-07-04,0.0,25.9,14,observed
2026-07-05,5.6,22.0,15,observed
2026-07-06,trace,20.2,20,observed
2026-07-07,0.0,77.0,7,observed
2026-07-08,6.6,22.5,19,observed
2026-07-09,6.2,17.5,16,observed
2026-07-10,0.0,25.9,18,observed
2026-07-11,0.0,24.9,14,observed
2026-07-12,0.0,21.1,20,observed
2026-07-13,0.0,25.8,17,observed
2026-07-14,14.3,20.6,10,observed
2026-07-15,2.5,21.5,12,observed
2026-07-16,0.0,22.3,7,observed
2026-07-17,0.0,28.9,6,observed
2026-07-18,0.0,27.4,9,observed
2026-07-19,0.0,24.1,16,observed
2026-07-20,10.3,21.9,10,observed
2026-07-21,0.0,23.5,16,observed
2026-07-22,0.0,19.3,15,observed
2026-07-23,0.0,25.5,8,observed
2026-07-24,1.0,27.5,18,observed
2026-07-25,0.1,24.3,16,observed
2026-07-26,4.0,25.8,15,observed
2026-07-27,0.0,24.7,11,observed
2026-07-28,1.0,67.5,13,observed
2026-07-29,1.5,19.4,8,observed
2026-07-30,0.0,22.2,10,observed
2026-07-31,2.2,23.7,18,observed
2026-08-01,0.0,29.5,10,observed
2026-08-02,0.0,22.0,15,observed
2026-08-03,0.0,23.1,21,observed
2026-08-04,trace,26.5,12,observed
2026-08-05,6.6,21.7,19,observed
2026-08-06,1.3,24.8,7,observed
2026-08-07,0.2,22.4,12,observed
2026-08-09,0.0,22.2,16,observed
2026-08-10,2.9,19.1,10,observed
2026-08-11,1.7,26.6,25,observed
2026-08-12,0.0,24.0,14,observed
2026-08-13,0.0,25.3,7,observed
2026-08-14,0.4,21.4,9,observed
2026-08-15,0.0,23.7,17,observed
2026-08-16,0.0,17.9,10,observed
2026-08-17,8.3,17.7,11,observed
2026-08-18,0.0,18.3,26,observed
2026-08-19,3.8,19.6,10,observed
2026-08-20,0.0,27.0,10,observed
2026-08-21,6.8,20.4,10,observed
2026-08-22,0.0,27.2,13,observed
2026-08-23,0.0,23.3,15,observed
2026-08-24,0.0,20.4,15,observed
2026-08-25,0.2,22.8,14,observed
2026-08-26,0.0,18.6,11,observed
2026-08-28,0.0,21.9,8,observed
2026-08-29,5.0,20.7,11,observed
2026-08-30,3.5,18.9,2,observed
2026-08-31,5.7,21.2,14,observed
2026-09-01,0.0,19.0,13,observed
2026-09-02,0.0,22.5,14,observed
2026-09-03,0.0,21.8,14,observed
2026-09-04,0.0,18.8,13,observed
2026-09-05,0.0,19.2,2,observed
2026-09-06,0.0,14.8,15,observed
2026-09-07,0.0,26.1,17,observed
2026-09-08,0.0,21.8,12,observed
2026-09-09,0.0,19.7,9,observed
2026-09-10,4.1,21.8,22,observed
2026-09-11,0.0,28.0,14,observed
2026-09-12,0.0,24.8,6,observed
2026-09-13,1.8,23.8,11,observed
2026-09-14,0.0,22.1,6,observed
2026-09-15,6.3,11.8,6,observed
2026-09-16,0.0,17.2,7,observed
2026-09-17,0.0,18.8,7,observed
2026-09-18,4.6,15.9,12,observed
2026-09-19,0.0,16.4,10,observed
2026-09-20,1.3,23.3,13,observed
2026-09-21,10.6,15.0,9,forecast
2026-09-22,0.0,16.4,8,forecast
2026-09-23,0.0,22.4,12,forecast
2026-09-24,1.3,22.2,14,forecast
2026-09-25,13.5,16.7,9,forecast
2026-09-26,0.0,23.8,20,forecast
2026-09-27,0.0,19.3,7,forecast
